post_id,ticker,dividendo,yeld,media_yield_3m,soma_yield_3m,media_yield_6m,soma_yield_6m,media_yield_12m,soma_yield_12m,variacao_cotacao_mes,rentabilidade,rentabilidade_mes,cotacao_fechamento,soma_yield_ano_corrente,ano,vpa_yield,vpa,vpa_change,pl,vpa_rent,vpa_rent_m,yield_vpa_3m_sum,yield_vpa_3m,yield_vpa_6m_sum,yield_vpa_6m,yield_vpa_12m_sum,yield_vpa_12m,setor,setor_slug,valor,liquidezmediadiaria,patrimonio,pvp,p_vpa,post_title,v_fisica,v_financeira,ativos
495,AAZQ11,0.1300,1.3500,1.4500,4.3500,1.8075,7.2300,1.8075,7.2300,-0.1038,5.6817,1.2448,9.6200,7.2300,2023,1.4583,9.6000,0.0000,230646828.8800,0.0000,0.0000,3.0192,3.0192,3.0192,3.0192,3.0192,3.0192,Indefinido,indefinido,9.6,829446.16,230646828.88,1.0052,1,AAZQ11,,,
238,ABCP11,0.5000,0.7200,0.7400,2.2200,0.7583,4.5500,0.7558,9.0700,1.8139,-2.3753,2.5470,69.6000,3.7400,2023,0.6535,91.8200,-0.1807,1120589958.8000,7.1163,0.4715,1.8171,0.6057,3.5825,0.5971,,,Shoppings,shoppings,70,62936.66,432443873.07,0.7623,0.7623611413635374,ABCP11,,,1
177,AFHI11,1.1000,1.1200,1.1500,3.4500,1.1200,6.7200,1.1333,13.6000,2.7478,6.9453,3.8985,97.9700,5.6900,2023,1.0124,94.8200,-0.9428,286309475.8200,4.9967,0.0601,3.0544,1.0181,,,,,Papéis,papeis,96.81,879801.24,288774479.75,1.0122,1.020987133516136,AFHI11,,,0
553,AGRX11,0.1800,1.6200,1.5800,4.7400,1.4933,8.9600,1.4678,13.2100,2.2978,17.5314,3.9550,11.1300,7.9800,2023,,,,,,,,,,,,,Outros,outros,11.11,123105.89,0,0,,AGRX11,,,0
56,AIEC11,0.7800,1.2100,1.2467,3.7400,1.1850,7.1100,1.0825,12.9900,6.9080,-2.3724,8.2016,64.3800,5.2100,2023,0.7313,102.5569,0.2432,494835689.5500,9.3978,0.9763,2.1744,0.7248,4.3953,0.7325,,,Lajes Corporativas,lajes-corporativas,69.57,537340.21,456168645.06,0.7359,0.6783551374895301,AIEC11,,,2
216,ALMI11,0.3711,0.0000,0.0000,0.0000,0.0000,0.0000,0.0000,0.0000,0.0000,,0.0000,,0.0000,2017,0.0000,2046.7799,-0.0517,214297860.7000,0.8982,-0.0517,0.0000,0.0000,0.0000,0.0000,0.0000,0.0000,Lajes Corporativas,lajes-corporativas,790.01,40900.24,225341513.46,0.3898,0.38597701687416414,ALMI11,,,1
556,ALZM11,0.8500,0.9100,0.9467,2.8400,1.0233,6.1400,1.1075,13.2900,-0.5135,12.9857,0.3918,93.0000,4.9300,2023,1.0731,100.5005,2.3329,69465153.2000,8.2282,3.4311,3.2256,1.0752,6.2713,1.0452,,,Fundo de Fundos,fundo-de-fundos,91.2,73082.53,63000354.16,1.0005,0.9074581718498913,ALZM11,,,0
366,ALZR11,0.8158,0.7100,0.7200,2.1600,0.7167,4.3000,1.0325,12.3900,1.8593,4.0259,2.5825,114.5000,3.6100,2023,0.6784,106.9400,-0.0291,740337456.7800,7.2646,0.6491,2.1471,0.7157,,,,,Misto,misto,111.65,2291938.05,812381314.05,1.0511,1.0440433888161587,ALZR11,,,13
283,APTO11,0.1100,1.1000,1.1867,3.5600,1.1800,7.0800,1.1658,13.9900,17.6471,20.4117,18.9412,10.0000,5.9400,2023,1.0032,9.9679,-0.7769,39999841.8000,13.1361,0.2185,2.8949,0.9650,6.4626,1.0771,,,Imóveis Residenciais,imoveis-residenciais,9.89,39120,40188993.12,0.987,0.992184913572568,APTO11,,,5
398,ARCT11,0.5000,0.0000,0.4330,1.2989,0.6359,3.8155,1.0462,12.5547,0.0000,,0.0000,,0.0000,2023,0.7628,99.7700,0.0401,369956160.0700,6.3085,0.8032,2.3120,0.7707,,,,,Imóveis Industriais e Logísticos,imoveis-industriais-e-logisticos,87.13,1053903.45,371534654.03,0.8696,0.8733086098025459,ARCT11,,,9
369,ARRI11,0.1100,1.2600,1.2767,3.8300,1.2267,7.3600,1.2775,15.3300,5.6763,-0.0650,7.0079,8.7500,5.9600,2023,1.4286,9.1000,-2.1505,111235062.2700,-88.8723,-0.7527,4.1301,1.3767,8.1044,1.3507,,,Papéis,papeis,8.74,243102.03,116735169.45,0.9776,0.9604395604395605,ARRI11,,,0
1737,ASMT11,0.7700,1.1100,1.0600,3.1800,1.0283,6.1700,0.9583,11.5000,-5.5041,-4.4552,-4.4552,69.3600,1.1100,2023,,,,,,,,,,,,,Lajes Corporativas,lajes-corporativas,49.99,33425,84197799.68,0.604,,ASMT11,,,3
393,ATSA11,0.0500,0.0000,0.0433,0.1300,0.0317,0.1900,0.0825,0.9900,0.0000,,0.0000,,0.0700,2023,0.0553,90.4800,0.1671,158451008.6300,0.8329,0.2224,0.1660,0.0553,,,,,Shoppings,shoppings,66.11,611.57,143322471.71,0.8077,0.7306587091069849,ATSA11,,,1
63,AURB11,0.5500,0.0000,0.0000,0.0000,0.0000,0.0000,0.0000,0.0000,0.0000,,0.0000,,0.0000,2023,,,,,,,,,,,,,Imóveis Comerciais - Outros,imoveis-comerciais-outros,0,,77405382.16,0,,AURB11,,,2
150,BARI11,0.9350,1.1000,1.1300,3.3900,1.0800,6.4800,1.1225,13.4700,9.0173,2.2800,10.2165,84.8700,5.4500,2023,0.9033,99.6300,-0.7026,461681838.3200,8.1827,0.1944,2.8906,0.9635,6.5626,1.0938,,,Papéis,papeis,84.04,772663.76,447259333.51,0.8708,0.8435210278028707,BARI11,,,0
168,BBFI11B,3.8272,0.2200,1.3267,3.9800,1.3233,7.9400,1.3658,16.3900,23.0568,-5.2281,23.3275,1756.0200,6.5700,2023,0.9348,2854.8000,0.1235,371124002.9500,6.0552,1.0594,2.8005,0.9335,,,,,Lajes Corporativas,lajes-corporativas,1168.99,485075.42,279181371.38,0.5443,0.409482275465882,BBFI11B,,,3
354,BBFO11,0.6900,1.0000,1.0567,3.1700,1.0667,6.4000,1.0392,12.4700,6.5116,8.5133,7.5767,68.7000,5.4400,2023,0.7285,82.3600,-4.1888,329780504.0600,4.7462,-3.4908,2.2556,0.7519,5.2456,0.8743,,,Fundo de Fundos,fundo-de-fundos,71.39,200308.55,317893428.8,0.8991,0.8668042739193783,BBFO11,,,0
539,BBGO11,0.9000,1.0500,1.2800,3.8400,1.1933,7.1600,1.0775,12.9300,7.2887,10.9742,8.4152,85.6700,6.0100,2023,1.0407,98.0100,0.0756,392550389.6300,9.3115,1.1171,3.2834,1.0945,5.6157,0.9360,8.6064,0.8606,Indefinido,indefinido,86.4,501713.34,392550389.63,0.8428,0.8815426997245179,BBGO11,,,0
339,BBIM11,0.1000,0.0000,0.0000,0.0000,0.0000,0.0000,0.0000,0.0000,0.0000,,0.0000,,0.0000,2023,1.4163,30.3600,-2.3783,31417779.1700,-30.3111,-0.9957,4.4643,1.4881,5.8634,0.9772,,,Papéis,papeis,0,,31830126.34,0,,BBIM11,,,0
145,BBPO11,0.9000,0.9700,1.0200,3.0600,1.0433,6.2600,1.0458,12.5500,6.0720,14.2287,7.1009,92.7600,5.1800,2023,0.9166,100.3700,0.0649,1597919446.8300,15.8471,0.9821,2.7520,0.9173,5.4791,0.9132,,,Agências de Bancos,agencias-de-bancos,96.95,1253480.29,1607257718.79,0.9603,0.9659260735279466,BBPO11,,,63
284,BBRC11,1.0700,1.0600,1.0833,3.2500,1.0550,6.3300,1.0208,12.2500,7.1391,6.5205,8.2747,101.0000,5.3400,2023,0.9285,106.6200,-0.0902,169528869.4500,9.2997,0.8375,2.7831,0.9277,5.5627,0.9271,,,Agências de Bancos,agencias-de-bancos,104.99,116932.61,171960410.21,0.9708,0.9847120615269179,BBRC11,,,20
161,BCFF11,0.5600,0.8100,0.8400,2.5200,0.8583,5.1500,0.8383,10.0600,1.7621,9.5933,2.5864,69.3000,4.3000,2023,0.7410,75.5700,-3.0284,1903260829.6700,1.3018,-2.3098,2.1747,0.7249,4.3573,0.7262,,,Fundo de Fundos,fundo-de-fundos,68.14,2218845.13,1872416798.39,0.9166,0.9016805610692075,BCFF11,,,0
255,BCIA11,0.8000,0.9000,0.9300,2.7900,0.9233,5.5400,0.8867,10.6400,4.7949,9.8885,5.7381,89.1700,4.6500,2023,0.7513,101.1593,-5.6553,376215413.9700,4.6548,-4.9465,2.1610,0.7203,4.2823,0.7137,,,Fundo de Fundos,fundo-de-fundos,96.61,1131886.26,386633870.47,0.9293,0.9550283562658104,BCIA11,,,0
221,BCRI11,0.8000,1.0000,1.0433,3.1300,1.0117,6.0700,1.0775,12.9300,16.9420,-11.7994,18.1114,80.0000,4.9800,2023,0.9926,100.7427,-0.9316,630434754.7600,6.2077,0.0518,3.0389,1.0130,6.9176,1.1529,,,Papéis,papeis,78.99,697972.13,614619618.42,0.8042,0.7840766626266716,BCRI11,,,0
1844,BDIF11,1.2000,1.3300,1.3000,3.9000,1.2333,7.4000,1.4092,16.9100,3.4003,8.7752,4.7756,90.0100,6.2600,2023,,,,,,,,,,,,,Fundo de Desenvolvimento,fundo-de-desenvolvimento,90.9,1172013.55,0,0,,BDIF11,,,
422,BICE11,10.0000,0.0000,0.0000,0.0000,0.2167,1.3000,0.1673,1.8400,0.0000,,0.0000,,1.3000,2023,1.5720,1017.8031,5.0614,21446128.2500,8.1873,6.7130,,,,,,,Fundo de Fundos,fundo-de-fundos,980,9341.33,69066752.65,1.0114,0.9628581402434322,BICE11,,,0
142,BICR11,1.1800,0.0000,0.3400,1.0200,0.4267,2.5600,0.5650,6.7800,0.0000,,0.0000,,2.5600,2023,1.1086,99.2244,-1.6425,49612197.0100,8.6742,-0.5521,2.8363,0.9454,4.8084,0.8014,,,Papéis,papeis,100,925.57,48083086.49,1.0027,1.0078166257493115,BICR11,,,0
1860,BIDB11,0.9100,1.0100,1.1700,3.5100,1.1783,7.0700,1.0033,12.0400,1.7062,9.4048,2.7334,90.0100,5.8400,2023,,,,,,,,,,,,,Fundo de Desenvolvimento,fundo-de-desenvolvimento,87.96,144803.58,0,0,,BIDB11,,,
52,BIME11,0.0900,1.2000,1.2733,3.8200,1.1400,6.8400,1.1400,13.6800,7.4180,3.8650,8.7070,7.5300,5.9300,2023,0.6662,9.0057,-0.7092,52643597.3600,6.1088,-0.0477,1.9874,0.6625,6.8362,1.1394,,,Indefinido,indefinido,7.43,83969.39,51385862.72,0.8453,0.825033034633621,BIME11,,,2
119,BLCA11,0.5700,0.4100,0.1367,0.4100,0.1733,1.0400,0.1900,2.2800,0.0000,,0.0000,138.0000,1.0400,2023,0.6274,89.2600,-0.3189,142810647.6900,-12.4675,0.3065,1.8701,0.6234,,,,,Indefinido,indefinido,137,137465.1,219374213.05,0.9992,1.5348420345059377,BLCA11,,,1
377,BLCP11,0.5634,0.6300,0.4133,1.2400,0.3983,2.3900,0.4100,4.9200,0.0000,,0.0000,89.0000,3.6400,2022,0.5042,111.7373,-0.0172,256580339.9000,15.8140,0.4870,1.4285,0.4762,,,,,Imóveis Industriais e Logísticos,imoveis-industriais-e-logisticos,91,103127.5,256580339.9,0.8144,0.8144102282765021,BLCP11,,,2
148,BLMC11,0.8431,1.0400,1.1567,3.4700,1.1183,6.7100,1.0950,13.1400,3.0010,8.1605,4.0722,81.0000,5.6800,2023,0.6942,96.5200,-1.6893,38558864.0900,2.8148,-1.0069,2.2115,0.7372,,,,,Papéis,papeis,81.7,3494.69,39172986.04,0.8332,0.8464566929133859,BLMC11,,,0
415,BLMG11,0.7200,1.0600,1.1400,3.4200,1.1200,6.7200,1.0500,12.6000,3.0271,-7.5194,4.1192,67.7300,5.6900,2023,0.8759,91.3300,-2.5738,348035357.3300,-1.5214,-1.7204,2.5946,0.8649,5.2012,0.8669,,,Imóveis Industriais e Logísticos,imoveis-industriais-e-logisticos,67.9,441010.11,340250518.9,0.7604,0.7434577904303078,BLMG11,,,1
424,BLMO11,90.0000,0.0000,0.0000,0.0000,0.0000,0.0000,0.0000,0.0000,0.0000,,0.0000,,0.0000,2023,0.0880,29561.5172,0.2223,112245080.7400,13.5877,0.3105,0.2872,0.0957,0.5766,0.0961,,,Lajes Corporativas,lajes-corporativas,20999,620199.5,126883786.52,0.6284,0.7103491968267448,BLMO11,,,1
171,BLMR11,0.0550,0.8000,0.9433,2.8300,0.9733,5.8400,0.9908,11.8900,3.9454,3.7847,4.7769,6.8500,4.9000,2023,0.9499,7.8209,-5.6641,199758967.3800,3.0481,-4.7680,2.7332,0.9111,5.5315,0.9219,,,Fundo de Fundos,fundo-de-fundos,6.81,439832,198592158.29,0.8753,0.870743776291731,BLMR11,,,0
83,BLUR11,1.0300,0.0000,0.0000,0.0000,0.3567,2.1400,0.4283,5.1400,0.0000,,0.0000,,1.1100,2023,,,,,,,,,,,,,Papéis,papeis,100.5,8342.29,8612265.9,1.0503,,BLUR11,,,0
282,BMLC11,0.8000,0.7700,0.7333,2.2000,0.7533,4.5200,0.7592,9.1100,0.9709,7.7019,1.7483,104.0000,3.5200,2023,0.8063,109.1400,-0.0458,108966338.8400,4.1035,0.7601,2.1893,0.7298,,,,,Lajes Corporativas,lajes-corporativas,99,22686.26,113123913.93,0.8738,0.9070918086860913,BMLC11,,,2
133,BNFS11,1.5305,1.2800,1.2900,3.8700,1.2133,7.2800,1.2175,14.6100,1.9116,3.6085,3.2161,119.9500,6.0600,2023,1.5459,99.2200,-0.0314,69454752.8200,13.7229,1.5140,4.5862,1.5287,8.9941,1.4990,,,Agências de Bancos,agencias-de-bancos,116.51,153946.08,64184869.89,1.2707,1.1742592219310624,BNFS11,,,18
1767,BODB11,0.0145,0.1500,1.0333,3.1000,0.9417,5.6500,1.0900,13.0800,0.1020,11.5818,0.2522,9.8100,5.5900,2023,,,,,,,,,,,,,Indefinido,indefinido,9.86,484357.66,0,0,,BODB11,,,
248,BPFF11,0.6200,0.9400,0.9933,2.9800,0.9867,5.9200,1.0117,12.1400,6.4791,8.4044,7.4800,66.2300,4.9500,2023,0.8347,74.2826,-5.1024,333701530.4500,3.1811,-4.3103,2.5142,0.8381,5.4288,0.9048,,,Fundo de Fundos,fundo-de-fundos,67.92,408501.53,337231586.24,0.9048,0.914346024506412,BPFF11,,,0
64,BPLC11,14.4205,0.0000,0.0000,0.0000,0.0000,0.0000,0.0000,0.0000,0.0000,,0.0000,,0.0000,2023,,,,,,,,,,,,,Misto,misto,0,,316061800.03,0,,BPLC11,,,1
210,BPML11,0.2705,0.4600,0.4567,1.3700,0.4567,2.7400,0.4450,5.3400,-5.9105,-5.4777,-5.4777,58.9000,0.4600,2023,0.2422,123.8887,0.2254,533350517.6700,0.0315,0.4681,0.7273,0.2424,,,,,Shoppings,shoppings,62.1,74557.95,523519124.6,0.5107,0.5012563696285456,BPML11,,,4
305,BPRP11,0.9000,0.8200,0.6067,1.8200,0.3033,1.8200,0.3667,4.4000,20.1093,21.0942,21.0942,109.9000,1.8200,2023,,,,,,,,,,,,,Imóveis Industriais e Logísticos,imoveis-industriais-e-logisticos,92,2062.88,147339808.3,0.8429,,BPRP11,,,1
226,BRCO11,0.7800,0.6900,0.6367,1.9100,0.6467,3.8800,0.6517,7.8200,10.8386,19.1928,11.6034,113.0000,3.2700,2023,0.5759,121.5500,2.0137,1796316141.4100,8.3057,2.6011,1.7513,0.5838,3.5331,0.5888,,,Imóveis Industriais e Logísticos,imoveis-industriais-e-logisticos,118,4164930.95,1777631688.06,0.981,0.9707939119703826,BRCO11,,,11
165,BRCR11,0.4500,0.7600,0.8033,2.4100,0.8067,4.8400,0.7792,9.3500,2.2353,1.5952,3.0123,59.0000,4.0600,2023,0.4982,100.3455,0.1497,2673022814.4400,-1.6293,0.6486,1.4352,0.4784,2.8407,0.4735,,,Lajes Corporativas,lajes-corporativas,63.29,1689636.39,2673340100.98,0.6306,0.630720859430667,BRCR11,,,9
320,BREV11,0.5800,0.6100,0.6633,1.9900,1.1633,6.9800,0.8617,10.3400,7.7288,3.0031,8.3860,95.3400,7.6000,2023,0.6808,110.1704,-0.1203,106556883.7300,6.5923,0.5596,1.9311,0.6437,3.5601,0.5933,,,Lajes Corporativas,lajes-corporativas,95,2727.65,113377630.16,0.8104,0.8623005816444345,BREV11,,,13
428,BRIM11,49.0000,0.0000,0.0000,0.0000,0.0000,0.0000,0.1717,2.0600,0.0000,,0.0000,,0.0000,2023,,,,,,,,,,,,,Fundo de Desenvolvimento,fundo-de-desenvolvimento,1030.22,1020.4,138831849.28,0.9212,,BRIM11,,,1
164,BRIP11,107.0000,9.6000,9.6000,9.6000,9.6000,9.6000,9.6000,9.6000,0.0000,,0.0000,1115.0000,9.6000,2023,,,,,,,,,,,,,Fundo de Desenvolvimento,fundo-de-desenvolvimento,950,37558.8,206521577.91,0.9912,,BRIP11,,,10
181,BRLA11,1.0470,0.7000,0.4767,1.4300,0.3633,2.1800,0.3067,3.6800,0.0000,0.7000,0.7000,150.0000,1.4300,2023,0.6928,157.7700,0.0428,426827499.4600,-8.6267,0.7359,2.0783,0.6928,4.2148,0.7025,,,Imóveis Industriais e Logísticos,imoveis-industriais-e-logisticos,160,451338.38,494638921.4,1.0083,1.0141344995880077,BRLA11,,,6
1834,BROF11,0.6100,0.8700,1.8100,1.8100,1.8100,1.8100,1.8100,1.8100,15.2709,16.2738,16.2738,70.2000,1.8100,2023,,,,,,,,,,,,,Lajes Corporativas,lajes-corporativas,69.7,1859005.16,1234728584.03,0.6554,,BROF11,,,2
446,BTAL11,0.7600,0.7900,0.8600,2.5800,0.8900,5.3400,0.8775,10.5300,3.8436,5.2549,4.6640,95.6400,4.4700,2023,0.7838,105.8900,-0.4280,633527504.1600,8.4105,0.3525,2.3452,0.7817,4.7012,0.7835,,,Imóveis Industriais e Logísticos,imoveis-industriais-e-logisticos,94,928649.47,631254034.31,0.8909,0.8877136651241855,BTAL11,,,9
1769,BTCI11,0.1060,1.1300,1.1500,3.4500,0.9967,5.9800,0.5592,6.7100,1.5184,-87.6917,2.6656,9.3600,5.8500,2023,,,,,,,,,,,,,Papéis,papeis,9.18,2201001.26,1019736731.47,0.8956,,BTCI11,,,
350,BTCR11,0.9000,0.9800,0.9667,2.9000,1.1017,6.6100,1.1267,13.5200,-5.9618,11.1408,-5.0402,91.9600,11.5500,2022,0.9447,95.2700,0.6413,458252683.7300,4.6229,1.5920,2.8966,0.9655,6.6450,1.1075,,,Papéis,papeis,88,652774.65,458252683.73,0.9237,0.9236905636611735,BTCR11,,,0
432,BTLG11,0.7400,0.7300,0.7533,2.2600,0.7617,4.5700,0.7558,9.0700,3.3320,7.2529,4.0863,101.7200,3.8200,2023,0.7460,99.1900,0.0908,2089628167.9600,4.8235,0.8375,2.2493,0.7498,,,,,Imóveis Industriais e Logísticos,imoveis-industriais-e-logisticos,101.49,5118512.42,2076223640.11,1.0298,1.023187821352959,BTLG11,,,20
251,BTRA11,0.8000,0.9800,1.0133,3.0400,1.0517,6.3100,0.9667,11.6000,1.6504,1.3914,2.6466,81.3000,5.2700,2023,0.8203,103.6200,0.5336,348636630.4300,5.7084,1.3583,2.4191,0.8064,,,,,Indefinido,indefinido,81.3,604477.37,398353881.32,0.6867,0.7845975680370584,BTRA11,,,6
197,BTSG11,0.8700,0.0000,0.5767,1.7300,0.2883,1.7300,0.1442,1.7300,0.0000,,0.0000,,1.7300,2023,0.6450,133.3419,0.0005,103341940.1500,6.0199,0.6455,1.9499,0.6500,3.8486,0.6414,,,Imóveis Industriais e Logísticos,imoveis-industriais-e-logisticos,115,1425597,106722270.7,0.8351,0.862444587935225,BTSG11,,,1
421,BTSI11,0.7200,0.0000,0.0000,0.0000,0.0000,0.0000,0.0000,0.0000,0.0000,,0.0000,,0.0000,2023,,,,,,,,,,,,,Misto,misto,0,,245328809.27,0,,BTSI11,,,2
370,BTWR11,0.7200,0.0000,0.0000,0.0000,0.0000,0.0000,0.0000,0.0000,0.0000,,0.0000,,0.0000,2023,0.3753,111.8976,0.2307,90555302.3000,7.2421,0.6069,1.1859,0.3953,2.2632,0.3772,,,Fundo de Desenvolvimento,fundo-de-desenvolvimento,107,428,90638912.19,0.9554,0.9562314115762983,BTWR11,,,1
321,BZEL11,0.0799,,,,,,,,,,,,,,,,,,,,,,,,,,Misto,misto,0,,415517756.99,0,,BZEL11,,,0
68,CACR11,1.5200,1.4200,1.4100,4.2300,1.3850,8.3100,1.4225,17.0700,1.7017,10.4695,3.1458,106.9800,6.8900,2023,1.3731,103.4140,-0.0509,186914055.4600,37.5489,1.3215,4.3732,1.4577,7.2664,1.2111,,,Papéis,papeis,104.74,471569.66,186195662.16,1.0167,1.0128222484383158,CACR11,,,0
336,CARE11,0.0084,0.2300,0.2233,0.6700,0.2267,1.3600,0.3244,2.9200,-2.6316,-7.3924,-2.4076,3.7000,1.3600,2021,0.1045,1.6041,-0.2412,286915148.0400,3.5632,-0.1369,0.3129,0.1043,0.6074,0.1012,,,Misto,misto,2.11,32753.71,298211981.52,0.253,1.315379340440122,CARE11,,,1
276,CBOP11,0.1200,0.3200,0.3233,0.9700,0.6133,3.6800,0.7958,9.5500,3.1790,-27.3601,3.5092,37.0000,1.5100,2023,0.6552,74.7900,-0.5981,105832738.7000,-11.0597,0.0532,1.9540,0.6513,4.5779,0.7630,,,Lajes Corporativas,lajes-corporativas,36.14,9370.71,104467289.61,0.4895,0.4832196817756384,CBOP11,,,1
58,CCME11,0.9000,0.0000,0.0000,0.0000,0.0000,0.0000,0.2371,1.6600,0.0000,,0.0000,,0.0000,2023,,,,,,,,,,,,,Indefinido,indefinido,128.05,1108.17,304572769.74,1.2611,,CCME11,,,1
261,CCRF11,0.6674,0.8000,0.7433,2.2300,0.7333,4.4000,0.8050,9.6600,-0.7262,-0.0589,0.0680,83.3900,4.4000,2023,0.5702,96.4596,-1.8722,151624862.9500,2.7240,-1.3127,2.0014,0.6671,5.1569,0.8595,,,Papéis,papeis,79.39,2932.19,156586009.7,0.7969,0.8230388680857064,CCRF11,,,0
183,CEOC11,0.6376,1.1200,1.1800,3.5400,1.1767,7.0600,1.0075,12.0900,5.9206,12.5417,7.1069,57.0700,5.9500,2023,0.5546,89.7600,-0.0791,162972246.7900,3.1044,0.4751,1.6682,0.5561,3.3271,0.5545,,,Lajes Corporativas,lajes-corporativas,58.6,87903.74,142446479.8,0.747,0.6528520499108734,CEOC11,,,1
134,CFHI11,36.5114,0.0000,0.0000,0.0000,0.0000,0.0000,0.0000,0.0000,0.0000,,0.0000,,0.0000,2021,,,,,,,,,,,,,Fundo de Desenvolvimento,fundo-de-desenvolvimento,0,,65836344.85,0,,CFHI11,,,2
157,CJCT11,17.5550,19.5800,6.7533,20.2600,3.4083,20.4500,1.7125,20.5500,66.1048,98.6282,98.6282,89.6800,19.5800,2023,0.0000,57.9017,0.5813,156913697.5600,0.5813,0.5813,,,,,,,Lajes Corporativas,lajes-corporativas,60,13285.41,208952883.27,0.9016,1.03623900507239,CJCT11,,,1
327,CNES11,0.0819,0.2900,0.2733,0.8200,0.3650,2.1900,0.3467,4.1600,4.7778,-7.2954,5.0816,28.2900,1.6400,2023,0.1242,89.5000,2.5734,263957120.0800,4.2560,2.7008,0.3919,0.1306,0.7143,0.1190,,,Lajes Corporativas,lajes-corporativas,28.29,4635.19,262628152.78,0.3177,0.3160893854748603,CNES11,,,1
362,CORM11,0.7700,0.9006,0.9212,2.7636,0.8919,5.3513,0.9485,11.3823,-2.9732,-4.2658,-2.0994,85.5000,6.2039,2022,0.8945,90.5559,-2.3278,92123992.7200,0.2094,-1.4542,2.6360,0.8787,,,,,Lajes Corporativas,lajes-corporativas,0,,0,0,,CORM11,,,
381,CPFF11,0.4500,0.6800,0.6767,2.0300,0.6950,4.1700,0.7717,9.2600,5.9486,5.3770,6.6690,65.9000,3.2400,2023,0.7621,78.7300,-2.5626,429046317.4900,6.7056,-1.8200,2.2658,0.7553,4.5916,0.7653,,,Fundo de Fundos,fundo-de-fundos,69.32,422299.03,201913966.66,0.8765,0.8804775816080274,CPFF11,,,0
1862,CPTI11,0.9500,0.9700,0.9567,2.8700,0.9733,5.8400,1.0858,13.0300,4.2912,4.4328,5.3028,97.7000,4.8200,2023,,,,,,,,,,,,,Fundo de Desenvolvimento,fundo-de-desenvolvimento,99.12,797832.63,0,0,,CPTI11,,,
460,CPTR11,1.4000,1.4200,1.4400,4.3200,1.4400,8.6400,1.6191,17.8100,1.6409,7.3676,3.0842,98.4900,7.1700,2023,1.3722,98.3800,-0.3055,407099622.5000,2.4963,1.0625,4.2557,2.1279,4.2557,2.1279,4.2557,2.1279,Indefinido,indefinido,97.34,1330835.89,407099622.5,0.9739,0.9894287456800164,CPTR11,,,0
447,CPTS11,0.8500,1.0400,1.0000,3.0000,0.9433,5.6600,0.9858,11.8300,4.0544,6.1405,5.1366,81.8700,4.9400,2023,0.4114,89.9300,-1.8287,2858127870.9600,1.6619,-1.4248,2.4827,0.8276,,,,,Papéis,papeis,82.82,5734501.34,2893919455.86,0.9096,0.9209385077282329,CPTS11,,,0
436,CRFF11,0.6100,0.8400,0.9167,2.7500,0.9333,5.6000,0.8942,10.7300,10.5726,17.8767,11.5014,73.0000,4.6300,2023,0.7449,84.5800,-5.6790,58362691.0000,5.5364,-4.9765,2.1436,0.7145,4.2649,0.7108,,,Fundo de Fundos,fundo-de-fundos,79.6,62595.41,59623328.53,0.9212,0.9411208323480728,CRFF11,,,0
242,CTXT11,0.0100,0.0400,0.2133,0.6400,0.1900,1.1400,0.3983,4.7800,1.0004,-47.9960,1.0408,23.2200,1.0100,2021,0.1862,48.3312,-0.0969,125384663.8500,0.5388,0.0892,0.3930,0.1310,0.8061,0.1343,,,Lajes Corporativas,lajes-corporativas,13.73,4382.26,105732421.96,0.4097,0.2840815042870858,CTXT11,,,1
430,CVBI11,1.1000,1.2200,1.2033,3.6100,1.1917,7.1500,1.0467,12.5600,1.5837,5.3836,2.8231,90.4400,5.9400,2023,0.8040,93.2800,-1.5047,1027069045.8600,4.8086,-0.7128,2.2040,0.7347,5.2966,0.8828,,,Papéis,papeis,89.57,2478659.82,1049548113.63,0.9397,0.9602272727272726,CVBI11,,,0
72,CVPR11,1.0500,0.0000,0.0000,0.0000,0.0000,0.0000,0.0000,0.0000,0.0000,,0.0000,,0.0000,2023,,,,,,,,,,,,,Indefinido,indefinido,0,,13797164.86,0,,CVPR11,,,0
86,CXAG11,0.7500,0.9500,0.9767,2.9300,1.0167,6.1000,0.9942,11.9300,2.6668,7.5831,3.6422,78.9200,4.8700,2023,0.6532,114.8200,0.0436,240047750.4600,18.2386,0.6970,1.9560,0.6520,3.9947,0.6658,,,Agências de Bancos,agencias-de-bancos,82.54,119665.29,239814927.08,0.7196,0.7188643093537712,CXAG11,,,32
343,CXCE11B,0.3898,0.9600,0.9967,2.9900,0.9983,5.9900,0.9942,11.9300,-0.8082,2.0967,0.1440,40.5000,5.0200,2023,0.6999,64.7945,-0.0366,110989765.2400,-0.6839,0.6630,2.0181,0.6727,3.6257,0.6043,,,Lajes Corporativas,lajes-corporativas,42,30404.76,111592895.79,0.6447,0.6482031653921243,CXCE11B,,,1
132,CXCI11,0.8400,1.0500,1.0800,3.2400,1.0750,6.4500,1.0483,12.5800,3.4260,10.0682,4.5120,80.0000,5.3700,2023,0.8799,94.3300,-4.4102,194111706.7200,2.5720,-3.5691,2.5604,0.8535,5.0933,0.8489,,,Indefinido,indefinido,81.7,205422.45,191395205.99,0.8784,0.8661083430509913,CXCI11,,,0
147,CXCO11,0.7364,0.9900,1.0400,3.1200,1.0333,6.2000,0.9908,11.8900,6.8049,11.1816,7.8622,74.7100,5.1800,2023,0.7453,96.6037,0.0282,379121044.0300,8.8279,0.7737,2.2269,0.7423,4.4769,0.7462,,,Lajes Corporativas,lajes-corporativas,78.32,212447.13,390791606.69,0.7865,0.810734992552045,CXCO11,,,10
363,CXRI11,0.5600,0.8100,0.8633,2.5900,0.8783,5.2700,0.8592,10.3100,7.8125,14.3875,8.6858,69.0000,4.3800,2023,0.6578,83.6100,-5.5195,131751743.4300,5.1482,-4.8980,1.8930,0.6310,3.9885,0.6647,,,Fundo de Fundos,fundo-de-fundos,73.5,20981.89,135271947.76,0.8561,0.8790814495873699,CXRI11,,,0
380,CXTL11,1.8303,0.5400,3.0633,9.1900,2.2633,13.5800,3.6800,44.1600,-8.1108,-7.9718,-7.6146,339.9900,17.7100,2023,0.2032,686.8900,-1.8593,36815210.9100,-1.4898,-1.6599,0.5463,0.1821,,,,,Imóveis Industriais e Logísticos,imoveis-industriais-e-logisticos,326.51,18981.32,22617260.06,0.7737,0.47534539737075804,CXTL11,,,1
257,CYCR11,0.1050,1.2100,1.2167,3.6500,1.2183,7.3100,1.1667,14.0000,4.5673,3.5277,5.8326,8.7000,6.0000,2023,0.1052,95.0670,-0.6946,155109836.7000,6.1629,-0.5901,0.3141,0.1047,3.8094,0.6349,,,Indefinido,indefinido,8.82,326868.29,159820436.8,0.9,0.0927766732935719,CYCR11,,,0
198,DAMT11B,0.0792,0.4100,0.5400,1.6200,0.6433,3.8600,0.7417,4.4500,38.1020,26.4820,38.6682,19.5000,3.4100,2023,,,,,,,,,,,,,Shoppings,shoppings,19.5,1833.81,96289678.22,1.4795,,DAMT11B,,,1
465,DCRA11,0.1300,1.4300,1.3800,4.1400,1.3250,7.9500,1.2825,15.3900,2.1396,4.9773,3.6002,9.0700,6.6500,2023,,,,,,,,,,,,,Misto,misto,9.03,226829.76,0,0,,DCRA11,,,0
412,DEVA11,0.6500,0.9500,1.2867,3.8600,1.2317,7.3900,1.1083,13.3000,36.9305,-20.4996,38.2313,68.5200,6.2500,2023,0.8881,101.3434,0.1392,1423358225.6900,18.7304,1.0285,1.9903,0.6634,5.6898,0.9483,,,Papéis,papeis,60.6,2894497.26,1322282171.26,0.6437,0.5979669124975084,DEVA11,,,0
159,DLMT11,0.0081,0.0000,0.0000,0.0000,0.0000,0.0000,0.0000,0.0000,0.0000,,0.0000,,0.0000,2023,,,,,,,,,,,,,Varejo,varejo,0,,8812175.95,0,,DLMT11,,,5
74,DPRO11,0.8000,0.0000,0.5500,1.6500,0.6050,3.6300,0.9489,8.5400,0.0000,,0.0000,,2.5700,2023,,,,,,,,,,,,,Indefinido,indefinido,94.95,20937.04,35948477.34,0.9813,,DPRO11,,,1
296,DRIT11B,0.5900,0.0000,0.6400,1.9200,0.4950,2.9700,0.4867,5.8400,0.0000,,0.0000,,2.9700,2023,0.5332,125.6500,-0.1962,58209539.0900,2.3705,0.3360,1.5727,0.5242,,,,,Lajes Corporativas,lajes-corporativas,88.6,1354.42,61607921.44,0.6663,0.705133306804616,DRIT11B,,,6
450,DVFF11,0.8000,1.0800,1.0733,3.2200,1.0600,6.3600,1.0467,12.5600,8.7020,9.4824,9.8760,74.2000,5.2400,2023,0.9284,91.5600,-4.0077,100802430.0800,8.7676,-3.1165,2.3939,0.7980,4.8548,0.8091,,,Fundo de Fundos,fundo-de-fundos,77.89,174555.03,101166724.19,0.8476,0.8506989951944081,DVFF11,,,0
303,EDFO11B,1.6623,0.8700,0.8633,2.5900,0.8533,5.1200,0.7733,9.2800,-3.5533,-9.8631,-2.7142,190.0000,4.2900,2023,0.8559,191.8200,-0.0313,45269820.2700,7.8281,0.8244,2.7200,0.9067,5.2566,0.8761,,,Lajes Corporativas,lajes-corporativas,189.05,9969.97,43022704.19,1.037,0.9855593785840894,EDFO11B,,,1
357,EDGA11,0.0800,0.3900,0.6067,1.8200,0.6100,3.6600,0.6292,7.5500,7.1909,9.3341,7.6089,20.7200,3.0700,2023,0.2268,66.1400,-0.0151,252142355.5400,0.9461,0.2116,0.6112,0.2037,,,,,Lajes Corporativas,lajes-corporativas,21.05,36182.21,233500304.65,0.3437,0.31826428787420624,EDGA11,,,1
467,EGAF11,1.4702,1.4500,1.3833,4.1500,1.8067,10.8400,3.0113,24.0900,-0.4904,5.4275,0.9525,101.4500,6.7600,2023,1.2249,98.0700,0.0000,109513479.7600,0.0000,0.0000,2.7888,2.7888,2.7888,2.7888,2.7888,2.7888,Indefinido,indefinido,100.08,342636.63,109513479.76,1.0299,1.0204955643927807,EGAF11,,,0
530,EQIA11,0.4503,,,,,,,,,,,,,2021,,,,,,,,,,,,,Fiagro,fiagro,0,,0,0,,EQIA11,,,
50,EQIR11,0.1100,1.2400,1.2400,3.7200,1.2183,7.3100,3.6942,44.3300,-1.0056,-3.1732,0.2219,8.8600,6.1800,2023,1.1224,9.8000,-1.5190,49267646.3400,-89.5840,-0.4136,3.3365,1.1122,6.7095,1.1183,,,Indefinido,indefinido,8.71,73578.5,50462045.38,0.8675,0.8887755102040816,EQIR11,,,0
330,ERCR11,3079.3578,,,,,,,,,,,,,,1.1227,69829.6644,-0.1007,165915282.6400,3.3239,1.0209,2.2058,0.7353,5.9267,0.9878,,,Varejo,varejo,76000,,143765514.23,1.256,1.0883626701204654,ERCR11,,,0
394,ERPA11,0.7111,0.6300,0.2100,0.6300,0.1050,0.6300,0.1617,1.9400,0.0000,,0.0000,112.0100,0.6300,2023,0.6008,116.2100,0.0100,58212728.3500,3.7727,0.6108,1.7792,0.5931,2.7746,0.4624,,,Lajes Corporativas,lajes-corporativas,119,101667.18,68704104.36,0.8676,1.0240082609069787,ERPA11,,,2
249,EURO11,1.7000,0.7200,0.7900,2.3700,0.8017,4.8100,0.7950,9.5400,5.2580,6.0811,6.0158,234.6200,3.9300,2023,0.6136,312.9103,0.0098,120137518.8400,6.6771,0.6234,1.7584,0.5861,3.4387,0.5731,,,Imóveis Industriais e Logísticos,imoveis-industriais-e-logisticos,242.99,49339.05,124859350.03,0.7472,0.7765484229825609,EURO11,,,7
201,EVBI11,0.7500,0.7700,0.7900,2.3700,0.7967,4.7800,0.7783,9.3400,3.0335,6.8022,3.8269,96.8000,3.9800,2023,0.7484,100.2100,-0.7115,167685996.2600,7.6979,0.0316,2.2380,0.7460,,,,,Misto,misto,98.24,80946.16,188269169.98,0.9945,0.9803412833050594,EVBI11,,,8
75,EXES11,0.9300,0.0000,0.0000,0.0000,0.0000,0.0000,0.0000,0.0000,0.0000,,0.0000,,0.0000,2023,,,,,,,,,,,,,Indefinido,indefinido,88,1262714,25441013.4,0.9158,,EXES11,,,0
358,FAED11,1.4800,1.0200,1.0933,3.2800,1.1000,6.6000,1.0717,12.8600,1.9186,4.0080,2.9582,145.0200,5.5200,2023,0.7070,216.1800,0.0031,138821300.0400,4.9468,0.7102,2.1306,0.7102,4.2611,0.7102,,,Educacional,educacional,155.67,107306.18,139747546.66,0.7153,0.7200943658062725,FAED11,,,3
260,FAMB11B,9.1600,0.5600,0.7267,2.1800,0.8000,4.8000,0.8425,10.1100,-47.8010,-53.6800,-47.5087,1650.0100,5.6400,2020,0.2549,3593.2641,0.5329,376574076.5000,12.8199,0.7891,1.6973,0.5658,4.2585,0.7098,9.3869,0.7822,Lajes Corporativas,lajes-corporativas,800.14,34651.12,309767773.07,0.2707,0.22267775975609475,FAMB11B,,,1
264,FATN11,0.8300,0.8600,0.8733,2.6200,0.8917,5.3500,0.8908,10.6900,3.8544,7.7804,4.7475,97.0000,4.3700,2023,0.7890,101.4000,0.3677,122722547.5400,7.0068,1.1595,2.5599,0.8533,5.0556,0.8426,,,Lajes Corporativas,lajes-corporativas,95.99,86078.05,126140890.22,0.9654,0.9466469428007889,FATN11,,,29
326,FCFL11,0.8000,0.7400,0.7533,2.2600,0.7433,4.4600,0.7192,8.6300,-0.1110,-1.1949,0.6282,108.0100,3.7700,2023,0.7282,104.8000,0.0023,364091433.4400,5.6352,0.7305,2.1916,0.7305,4.6791,0.7799,,,Educacional,educacional,107.5,219670.42,403732475.14,0.925,1.025763358778626,FCFL11,,,1
406,FEXC11,0.5000,0.0000,0.3593,1.0778,0.6898,4.1390,0.9567,11.4804,0.0000,,0.0000,,0.0000,2023,0.9917,90.7500,-1.1330,1003494922.3900,7.1154,-0.1525,2.9519,0.9840,6.4561,1.0760,,,Papéis,papeis,83.5,860137.12,1001470167.13,0.0988,0.9201101928374655,FEXC11,,,
470,FGAA11,0.1400,1.4400,1.4000,4.2000,1.3833,8.3000,1.4008,16.8100,-0.3080,3.5832,1.1276,9.7100,6.9100,2023,1.3556,9.5900,0.0000,326955560.0100,0.0000,0.0000,2.8139,2.8139,2.8139,2.8139,2.8139,2.8139,Indefinido,indefinido,9.77,1299447.76,326955560.01,1.0136,1.018769551616267,FGAA11,,,0
286,FIGS11,0.4200,0.7700,0.8067,2.4200,0.8133,4.8800,0.7683,9.2200,9.4507,11.9884,10.2935,54.2000,4.0500,2023,0.3909,99.7800,-0.0064,284387231.6900,4.3824,0.3845,1.1431,0.3810,2.2887,0.3815,,,Shoppings,shoppings,57.42,144291.26,216798128.8,0.7548,0.5754660252555622,FIGS11,,,2
265,FIIB11,3.2500,0.6600,0.7033,2.1100,0.7400,4.4400,0.7567,9.0800,5.5450,9.3422,6.2416,492.9900,3.5600,2023,0.8339,455.6700,-0.0972,312133949.6900,7.6168,0.7359,2.4449,0.8150,,,,,Imóveis Industriais e Logísticos,imoveis-industriais-e-logisticos,484.63,211793.66,315975630.84,1.0506,1.0635547655101278,FIIB11,,,9
364,FIIP11B,1.3500,0.8800,0.9200,2.7600,0.9233,5.5400,0.8850,10.6200,3.6486,8.9165,4.5608,153.4000,4.6200,2023,0.7251,186.1751,-0.1215,172614502.3800,0.1150,0.6028,2.1742,0.7247,4.3175,0.7196,,,Imóveis Industriais e Logísticos,imoveis-industriais-e-logisticos,169.23,81699.68,173072424.53,0.9066,0.9089829950406902,FIIP11B,,,7
219,FISC11,0.3900,0.0000,0.0000,0.0000,0.0000,0.0000,0.0000,0.0000,0.0000,,0.0000,,0.0000,2023,0.2068,116.0580,0.0160,197298203.8300,1.0419,0.2228,0.6207,0.2069,,,,,Lajes Corporativas,lajes-corporativas,165,,195925821.91,1.4317,1.421702941632632,FISC11,,,5
136,FLCR11,1.3000,1.3900,1.3433,4.0300,1.2650,7.5900,1.1658,13.9900,-0.5826,3.8340,0.7993,93.8500,6.3800,2023,0.9125,98.6335,-0.6812,62494579.1700,8.9265,0.2251,2.4241,0.8080,6.2697,1.0450,,,Papéis,papeis,92,143425.84,62327865.84,0.9352,0.9327459737310346,FLCR11,,,0
401,FLMA11,0.9400,0.7300,0.7233,2.1700,0.7017,4.2100,0.7167,8.6000,3.4283,3.3223,4.1833,128.5200,3.4200,2023,0.5913,157.2922,0.0681,217168676.0500,6.4506,0.6598,1.7747,0.5916,3.4682,0.5780,,,Lajes Corporativas,lajes-corporativas,139,83372.79,220582728.59,0.8701,0.8837056128657365,FLMA11,,,2
416,FLRP11,13.5000,0.7500,0.7833,2.3500,0.8717,5.2300,0.7850,9.4200,8.7879,17.4467,9.6038,1795.0000,3.9700,2023,0.5457,1730.9100,0.1354,112910572.4000,4.6590,0.6819,1.6933,0.5644,3.4668,0.5778,,,Shoppings,shoppings,1848.98,11225.31,119321385.38,1.0108,1.068212674258049,FLRP11,,,1
338,FMOF11,0.3100,0.5300,0.1900,0.5700,0.4733,2.8400,0.4483,5.3800,0.0000,,0.0000,58.9900,0.5300,2022,0.1142,122.6373,-0.1898,62300738.2000,-0.0758,-0.0758,,,,,,,Lajes Corporativas,lajes-corporativas,59.49,29852.76,60345486.35,0.5008,0.4850889574379084,FMOF11,,,2
49,FPAB11,1.9000,1.2800,0.8867,2.6600,1.0317,6.1900,0.9125,10.9500,12.0376,14.3265,13.4717,149.0100,4.9900,2023,0.4020,410.4392,0.0028,307829393.4100,4.5327,0.4049,1.2012,0.4004,2.3714,0.3952,,,Lajes Corporativas,lajes-corporativas,175.19,4017.22,281311830.28,0.4671,0.42683544846593596,FPAB11,,,2
82,FRHY11,1.0300,0.0000,0.0000,0.0000,0.0000,0.0000,0.0000,0.0000,0.0000,,0.0000,,0.0000,2023,,,,,,,,,,,,,Indefinido,indefinido,0,,11269135.24,0,,FRHY11,,,0
54,FVPQ11,0.6800,0.6700,0.8633,2.5900,0.7650,4.5900,0.7083,8.5000,3.0303,6.0782,3.7206,102.0000,4.4500,2023,0.2769,198.6000,-0.0269,556120262.6000,4.3851,0.2499,1.0430,0.3477,2.0450,0.3408,,,Shoppings,shoppings,107.23,32123.79,536352498,0.5598,0.5399295065458207,FVPQ11,,,1
472,FZDA11,2.2573,1.9000,1.9000,1.9000,1.9000,1.9000,1.9000,1.9000,0.0000,,0.0000,119.0000,1.9000,2023,2.2143,101.9400,0.0000,158007687.2800,0.0000,0.0000,2.2143,2.2143,2.2143,2.2143,2.2143,2.2143,Indefinido,indefinido,163.91,8100.22,158007687.28,1.1674,1.6079066117323917,FZDA11,,,0
301,GALG11,0.0820,0.9500,0.9700,2.9100,0.9367,5.6200,0.8950,10.7400,2.0071,-3.5328,2.9762,8.6400,4.7500,2023,0.8757,9.3644,-7.8692,538312589.1700,-90.0895,-7.0625,2.4907,0.8302,4.9006,0.8168,,,Imóveis Industriais e Logísticos,imoveis-industriais-e-logisticos,9.1,825491.97,527575473.06,0.9913,0.9717654094229208,GALG11,,,5
152,GAME11,0.1000,1.1300,1.1633,3.4900,1.1517,6.9100,1.1642,13.9700,3.5088,6.2754,4.6784,8.8500,5.7800,2023,1.0163,9.8416,0.2005,203954963.2600,-98.8429,1.2188,3.0574,1.0191,6.9651,1.1609,14.9502,1.2459,Indefinido,indefinido,8.79,217022.87,217820700.81,0.8755,0.8931474556982604,GAME11,,,0
372,GCFF11,0.7500,1.1500,1.0867,3.2600,1.0483,6.2900,0.9942,11.9300,-4.4118,-5.5933,-3.3125,65.0000,3.2600,2023,0.8707,82.6900,-3.8824,27997377.1600,-3.3650,-3.0454,2.5846,0.8615,,,,,Fundo de Fundos,fundo-de-fundos,69.2,79486.24,27881212.16,0.8946,0.8368605635506108,GCFF11,,,0
536,GCRA11,1.2000,1.2800,1.3333,4.0000,1.3033,7.8200,1.2733,15.2800,1.1189,2.9126,2.4132,93.9900,6.5700,2023,1.3060,98.0100,0.0116,171608604.0700,14.2236,1.3178,3.8247,1.2749,7.5258,1.2543,14.8571,1.4857,Indefinido,indefinido,93.7,251563.79,171608604.07,0.954,0.9560248954188348,GCRA11,,,0
200,GCRI11,1.1000,1.2000,1.2167,3.6500,1.2083,7.2500,1.2217,14.6600,1.5708,3.8876,2.7896,91.8200,6.0800,2023,1.1659,94.3500,-2.3393,112349949.8200,0.9393,-1.2007,3.4453,1.1484,,,,,Papéis,papeis,90.7,255171.34,129558302.88,0.9458,0.9613142554319026,GCRI11,,,0
453,GESE11B,3.3381,0.0000,0.0000,0.0000,0.0000,0.0000,0.0000,0.0000,0.0000,,0.0000,,0.0000,2023,0.7941,1767.9200,0.0006,91931589.5000,2.4055,0.7946,2.3642,0.7881,,,,,Educacional,educacional,1520,,92406937.68,0.8553,0.8597674102900583,GESE11B,,,1
144,GGRC11,1.0500,0.9000,0.9300,2.7900,0.9050,5.4300,0.8708,10.4500,1.7818,5.4468,2.6979,116.5300,4.6100,2023,0.8187,124.5898,-0.1406,966621344.1500,2.0655,0.6769,2.5005,0.8335,4.5593,0.7599,,,Imóveis Industriais e Logísticos,imoveis-industriais-e-logisticos,121.63,1386796.74,1035779303.27,0.9552,0.9762436411327412,GGRC11,,,17
322,GSFI11,0.0007,0.0276,0.0092,0.0276,0.0046,0.0276,0.0023,0.0276,0.0000,0.0276,0.0276,2.5100,0.0276,2020,0.0058,11.9008,0.0111,814995674.0300,0.0170,0.0170,,,,,,,Shoppings,shoppings,6.6,692606.61,1062190981.28,0.4671,0.5545845657434794,GSFI11,,,9
131,GTLG11,0.7000,0.7200,0.7233,2.1700,0.5983,3.5900,0.5342,6.4100,-0.9593,4.3813,-0.2462,97.0500,2.8800,2023,0.7475,93.6497,-0.1263,671749268.0200,3.6852,0.6202,2.2431,0.7477,4.4979,0.7496,,,Imóveis Industriais e Logísticos,imoveis-industriais-e-logisticos,97,7090.19,655132499.01,1.0621,1.035774807607499,GTLG11,,,5
454,GTWR11,0.7900,0.9900,1.0133,3.0400,1.0250,6.1500,0.9867,11.8400,-0.1125,5.7972,0.8764,79.9000,5.1600,2023,0.7547,98.0474,0.0327,1176568905.6400,8.0944,0.7877,2.2649,0.7550,4.5313,0.7552,,,Lajes Corporativas,lajes-corporativas,79.7,1022656.24,1139875668.01,0.839,0.8128721414336332,GTWR11,,,3
315,HAAA11,0.4300,0.0000,0.4533,1.3600,0.4367,2.6200,0.4750,5.7000,0.0000,,0.0000,,2.6200,2023,0.6002,89.9700,-0.3970,310852216.8600,1.3211,0.2008,1.7966,0.5989,3.7029,0.6171,,,Lajes Corporativas,lajes-corporativas,63.2,1808.38,280220007.19,0.7792,0.7024563743470046,HAAA11,,,2
162,HABT11,1.3000,1.4100,1.4533,4.3600,1.3883,8.3300,1.2500,15.0000,9.4168,10.2338,10.9596,92.4900,7.0300,2023,0.9218,99.8023,0.1395,811071447.8100,15.7503,1.0626,2.8228,0.9409,6.4530,1.0755,,,Papéis,papeis,94.53,1513977.32,797721773.58,0.963,0.9471725601514194,HABT11,,,0
325,HBCR11,0.5375,0.4800,0.3233,0.9700,0.2500,1.5000,0.1842,2.2100,-0.4955,-0.0179,-0.0179,112.4500,0.9700,2023,,,,,,,,,,,,,Indefinido,indefinido,111.92,1636019,115877284.32,1.0809,,HBCR11,,,4
360,HBRH11,0.5493,0.5700,0.6467,1.9400,0.6867,4.1200,0.6950,8.3400,3.2376,15.3728,3.8261,95.9800,3.3200,2023,0.5348,113.2858,0.0960,314051483.6000,7.4737,0.6312,1.6345,0.5448,3.3686,0.5614,,,Lajes Corporativas,lajes-corporativas,97.39,51829.13,311309169.8,0.8672,0.8596840910334747,HBRH11,,,5
331,HCHG11,1.0000,1.2000,1.1867,3.5600,1.1850,7.1100,1.1592,13.9100,0.4099,3.1116,1.6148,83.2900,5.9400,2023,0.9993,100.0661,-0.3837,120079298.4400,13.1626,0.6118,2.9711,0.9904,5.6102,0.9350,,,Papéis,papeis,79.32,20963.68,118475931.1,0.8034,0.7926760411368085,HCHG11,,,0
212,HCRI11,2.6014,1.0600,1.1033,3.3100,1.1750,7.0500,1.1642,13.9700,2.7459,13.7582,3.8350,245.4600,5.5200,2023,0.8103,299.9400,-0.0047,59988560.0200,3.0635,0.8055,2.1564,0.7188,,,,,Hospitalar,hospitalar,245.31,39271.61,61646070,0.7959,0.8178635727145429,HCRI11,,,1
355,HCTR11,0.5000,0.7700,0.8867,2.6600,0.9450,5.6700,1.0275,12.3300,34.0773,-33.0115,35.1097,64.8800,4.5800,2023,0.9059,121.4291,-0.1071,2681663950.6100,16.8892,0.7978,2.7150,0.9050,5.8869,0.9812,,,Papéis,papeis,58.75,4703471.55,2438015529.02,0.5322,0.4838214233655689,HCTR11,,,0
89,HDEL11,1.9100,0.0000,0.0000,0.0000,0.0000,0.0000,0.0000,0.0000,0.0000,,0.0000,,0.0000,2022,,,,,,,,,,,,,Imóveis Industriais e Logísticos,imoveis-industriais-e-logisticos,106.09,7956.5,29042496.47,1.0739,,HDEL11,,,0
274,HFOF11,0.6300,0.8800,0.9300,2.7900,0.9317,5.5900,0.8817,10.5800,7.7199,8.2626,8.6679,72.0000,4.7000,2023,0.7546,82.1600,-4.4499,1889756796.9100,4.9927,-3.7289,2.1861,0.7287,4.3840,0.7307,,,Fundo de Fundos,fundo-de-fundos,73.89,2008880.66,1830131729.13,0.9291,0.8993427458617332,HFOF11,,,0
476,HGAG11,0.3500,1.0300,1.2867,3.8600,1.1950,7.1700,0.8658,10.3900,-2.0743,34.9283,-1.0657,33.9900,7.1700,2023,1.9922,23.0900,0.0000,5731825.7000,0.0000,0.0000,4.1450,4.1450,4.1450,4.1450,4.1450,4.1450,Indefinido,indefinido,30.78,21293.03,5731825.7,1.4682,1.3330446080554352,HGAG11,,,0
374,HGBS11,1.4500,0.7000,0.7333,2.2000,0.7450,4.4700,0.7167,8.6000,5.1696,13.3765,5.9058,207.7100,3.7300,2023,0.6452,216.9800,-0.6257,2169800062.5700,7.5704,0.0155,1.8817,0.6272,3.7225,0.6204,,,Shoppings,shoppings,210,1831030.53,2210227247.58,0.9501,0.9678311365102775,HGBS11,,,12
231,HGCR11,1.2000,1.1600,1.1633,3.4900,1.1683,7.0100,1.1617,13.9400,0.4942,7.5861,1.6600,103.7000,5.8400,2023,1.1858,101.2000,-1.2008,1560262166.7000,12.6439,-0.0293,3.5358,1.1786,7.0627,1.1771,,,Papéis,papeis,103.87,3871596.42,1584905286.36,1.0104,1.0263833992094862,HGCR11,,,0
387,HGFF11,0.6500,0.8300,0.8767,2.6300,0.8933,5.3600,0.8675,10.4100,7.0350,14.4851,7.9234,78.6600,4.4500,2023,0.7433,87.4500,-5.3776,250418653.2500,5.2918,-4.6743,2.1490,0.7163,4.3018,0.7170,,,Fundo de Fundos,fundo-de-fundos,85.68,1371426.05,255622648.58,0.9598,0.9797598627787307,HGFF11,,,0
437,HGIC11,0.9100,0.8700,0.6567,1.9700,0.7517,4.5100,0.8858,10.6300,0.0000,,0.0000,104.9600,3.4400,2023,0.9647,114.0221,-2.0802,51712665.9200,17.0451,-1.1355,2.9385,0.9795,5.7246,0.9541,,,Papéis,papeis,108.09,651985.14,54603079.91,0.9159,0.9479741208064052,HGIC11,,,0
346,HGLG11,1.1000,0.6900,0.6867,2.0600,0.7933,4.7600,0.8367,10.0400,-2.0862,0.0769,-1.4105,159.1100,3.4200,2023,0.7442,147.8000,0.3667,3466816466.8200,9.6755,1.1137,2.2388,0.7463,5.9877,0.9980,,,Imóveis Industriais e Logísticos,imoveis-industriais-e-logisticos,165.48,9121663.08,3589278554.43,1.0814,1.1196211096075777,HGLG11,,,20
306,HGPO11,1.6000,0.6100,0.6367,1.9100,0.6317,3.7900,0.6133,7.3600,7.6408,3.4207,8.2974,263.7200,3.1800,2023,0.5978,267.6286,-0.0528,469168146.6300,5.9579,0.5447,1.7926,0.5975,3.4521,0.5753,,,Lajes Corporativas,lajes-corporativas,271.97,796751.16,524462714.72,0.9091,1.0162217341494892,HGPO11,,,2
225,HGRE11,0.7800,0.5900,0.6367,1.9100,0.6967,4.1800,0.6400,7.6800,4.6399,11.2047,5.2573,132.3800,3.2900,2023,0.4836,161.2881,-0.1188,1906065147.8100,2.4055,0.3642,1.4488,0.4829,2.8929,0.4822,,,Lajes Corporativas,lajes-corporativas,134.64,2476537.87,1847064778.15,0.8614,0.8347795032615549,HGRE11,,,19
298,HGRU11,0.8500,0.6800,0.7033,2.1100,0.8633,5.1800,0.7900,9.4800,1.9611,6.2271,2.6544,125.3000,3.5400,2023,0.6833,120.0000,-0.3736,2208731664.8500,9.2280,0.3072,2.0518,0.6839,4.4496,0.7416,,,Misto,misto,133.3,3611417.18,2280666355.3,1.0758,1.1108333333333333,HGRU11,,,71
254,HLOG11,0.6500,0.7400,0.7700,2.3100,0.7583,4.5500,0.7292,8.7500,7.5706,0.6404,8.3666,87.6700,3.8300,2023,0.5853,111.0500,-0.0716,471945228.5500,5.1219,0.5134,1.7553,0.5851,3.5140,0.5857,,,Imóveis Industriais e Logísticos,imoveis-industriais-e-logisticos,89.27,128983.08,490904989.38,0.7728,0.8038721296713192,HLOG11,,,5
1852,HOFC11,0.2000,0.8400,0.8100,2.4300,0.5950,3.5700,0.6458,7.7500,-4.5600,-12.3577,-3.7583,23.8600,3.3200,2023,,,,,,,,,,,,,Lajes Corporativas,lajes-corporativas,23.22,113953.03,339019174.35,0.2588,,HOFC11,,,4
129,HOSI11,0.3600,0.6900,0.6800,2.0400,1.0033,6.0200,0.8217,9.8600,-6.2321,-6.4097,-5.5851,52.5100,3.4000,2023,0.4609,93.1952,0.2607,53442769.2700,5.3515,0.7227,1.4050,0.4683,2.7285,0.4548,,,Imóveis Residenciais,imoveis-residenciais,58.02,12230.65,53553566.21,0.6213,0.6225642522361667,HOSI11,,,0
385,HPDP11,0.5000,0.7000,0.6667,2.0000,0.5017,3.0100,0.5008,6.0100,4.3811,6.1245,5.1117,71.0000,2.5800,2023,0.5263,95.0000,0.1401,276336993.1100,5.8109,0.6671,1.6325,0.5442,3.0542,0.5090,,,Shoppings,shoppings,72,6632.24,259723213.63,0.8064,0.7578947368421053,HPDP11,,,1
172,HRDF11,5.4000,,,,,,,,,,,,,,,,,,,,,,,,,,Fundo de Desenvolvimento,fundo-de-desenvolvimento,5.05,3162.92,8608858.09,4.469,,HRDF11,,,0
341,HREC11,0.9000,1.0700,1.1400,3.4200,1.1500,6.9000,1.1067,13.2800,9.6053,8.9413,10.7781,83.8700,5.7300,2023,1.0596,89.6600,-1.7959,462332546.0700,9.8662,-0.7553,2.9223,0.9741,6.5377,1.0896,,,Papéis,papeis,84.86,89678.32,477477953.65,0.9165,0.9464644211465537,HREC11,,,0
262,HSAF11,1.1000,1.3000,1.2933,3.8800,1.1950,7.1700,1.1492,13.7900,5.2370,13.9939,6.6051,84.6000,6.1600,2023,0.6554,91.5535,-0.6720,231297015.8700,8.3949,-0.0210,2.8237,0.9412,6.2802,1.0467,,,Papéis,papeis,85.5,382801.39,234220942.16,0.9222,0.9338801902712621,HSAF11,,,0
125,HSLG11,0.7300,0.8400,0.8867,2.6600,0.8683,5.2100,0.8100,9.7200,3.4770,2.1479,4.3462,86.9000,4.4200,2023,0.6653,105.2205,-0.0480,1332098024.3100,0.9891,0.6169,1.9950,0.6650,3.9131,0.6522,,,Imóveis Industriais e Logísticos,imoveis-industriais-e-logisticos,94.9,926457.71,1317187344.81,0.9121,0.9019155012568844,HSLG11,,,5
371,HSML11,0.7400,0.8400,0.8800,2.6400,0.8867,5.3200,0.8342,10.0100,3.1657,12.3961,4.0323,87.9900,4.4600,2023,0.6983,97.3742,-0.1918,1536624397.0600,4.2616,0.5052,2.0887,0.6962,4.1269,0.6878,,,Shoppings,shoppings,92.7,2721639.11,1500072740.58,0.9752,0.9519975517128767,HSML11,,,7
269,HSRE11,0.6300,0.0000,0.4100,1.2300,0.5100,3.0600,0.5100,6.1200,0.0000,,0.0000,,2.4500,2023,0.6549,96.1953,-0.0369,819397969.1500,5.8338,0.6178,1.9646,0.6549,3.8596,0.6433,,,Misto,misto,103,432362.32,857023999.68,1.0695,1.0707383832682054,HSRE11,,,27
448,HTMX11,1.7381,1.5100,1.3133,3.9400,1.0517,6.3100,0.8842,10.6100,9.2857,8.3017,10.9359,114.7500,5.1800,2023,0.9669,131.5200,-0.4164,197844728.7000,7.4668,0.5464,2.3740,0.7913,,,,,Hotéis,hoteis,119.8,395795.97,208092129.54,0.866,0.9108880778588807,HTMX11,,,23
80,HUCG11,0.2000,0.2600,0.1867,0.5600,0.3883,2.3300,0.4933,5.9200,0.6582,-17.2518,0.9199,77.9900,1.4000,2023,,,,,,,,,,,,,Hospitalar,hospitalar,77,1854,115173129.78,0.7501,,HUCG11,,,2
156,HUSC11,0.8600,0.8700,0.8567,2.5700,0.5767,3.4600,0.7175,8.6100,-2.9513,1.4188,-2.1069,98.9800,3.4000,2023,0.5952,146.1594,2.3539,116140135.5000,7.1141,2.9631,1.9188,0.6396,3.6685,0.6114,,,Hospitalar,hospitalar,98.75,8973.39,119135115.56,0.6796,0.675632220712455,HUSC11,,,2
392,HUSI11,7.7152,0.6800,0.2267,0.6800,0.2217,1.3300,0.4100,4.9200,0.0000,,0.0000,1137.6100,1.3300,2023,0.8830,991.6719,-0.8255,115392926.8200,4.3339,0.0502,2.5858,0.8619,,,,,Hospitalar,hospitalar,1136.8,14629.11,129279968.49,1.0232,1.1463468915474966,HUSI11,,,0
208,IBCR11,0.9100,1.1500,1.1567,3.4700,1.1267,6.7600,1.1675,14.0100,5.2610,-1.0473,6.4716,78.8300,5.9400,2023,0.8376,95.5100,-0.9127,91539316.3200,9.4882,-0.0827,2.9197,0.9732,6.7637,1.1273,,,Papéis,papeis,77.5,86635.29,91952060.77,0.8078,0.8114333577635849,IBCR11,,,0
185,IBFF11,14.7925,0.0000,0.1467,0.4400,0.4750,2.8500,0.6683,8.0200,0.0000,,0.0000,,5.4100,2022,0.6893,72.5412,-1.9515,48361846.8900,-0.6085,-1.2757,,,,,,,Fundo de Fundos,fundo-de-fundos,66.4,162549.5,9855905.16,4.4926,0.9153419022569244,IBFF11,,,0
81,IDFI11,4.2912,9.4300,6.2100,18.6300,4.6767,28.0600,3.3875,40.6500,-6.9339,12.6213,1.8422,45.5000,33.3600,2023,0.4815,59.6700,-1.5996,122800198.5500,-18.1476,-1.1258,1.4621,0.4874,,,,,Indefinido,indefinido,41.99,10339,85480417.96,1.0108,0.7037037037037037,IDFI11,,,2
1848,IFRA11,1.0800,1.0600,0.9967,2.9900,0.9483,5.6900,0.9933,11.9200,6.2323,5.2870,7.3584,101.4200,4.6500,2023,,,,,,,,,,,,,Fundo de Desenvolvimento,fundo-de-desenvolvimento,102.82,1421473.32,0,0,,IFRA11,,,
379,IRDM11,0.8675,0.9900,1.0667,3.2000,1.0433,6.2600,1.0308,12.3700,2.2447,-0.0218,3.2569,87.9100,5.2900,2023,0.7540,93.0400,-1.7736,3389714938.9100,3.2825,-1.0330,2.4853,0.8284,6.4286,1.0714,,,Papéis,papeis,87.61,5452155.89,3290832592.93,0.97,0.9416380051590713,IRDM11,,,0
140,IRIM11,1.0443,1.1800,1.1467,3.4400,1.1067,6.6400,1.1167,13.4000,-0.1798,-0.5164,0.9981,88.8200,5.6600,2023,0.7350,97.2300,-1.3494,186681888.4400,2.7246,-0.6243,2.6197,0.8732,,,,,Indefinido,indefinido,91.19,115420.76,184773191.39,0.9475,0.9378792553738557,IRIM11,,,0
92,ITIP11,0.8300,1.1400,1.1233,3.3700,1.0783,6.4700,1.0900,13.0800,-1.6081,-3.7443,-0.4864,72.8100,5.6200,2023,0.9145,80.9214,-2.8956,60541434.9900,2.5743,-2.0076,2.8687,0.9562,6.4120,1.0687,,,Papéis,papeis,73.34,109618.87,58201009.55,0.9428,0.9063115566463259,ITIP11,,,0
59,ITIT11,0.5700,0.7800,0.7733,2.3200,0.7817,4.6900,0.7650,9.1800,2.4241,-4.4027,3.2230,73.5200,3.9600,2023,0.7155,79.6643,-5.8236,71737214.0300,6.8781,-5.1498,2.0865,0.6955,4.2069,0.7011,,,Fundo de Fundos,fundo-de-fundos,73.24,95041.26,73551036.84,0.8967,0.9193578554007252,ITIT11,,,0
60,JASC11,0.5500,0.0000,0.0000,0.0000,0.0000,0.0000,0.0000,0.0000,0.0000,,0.0000,,0.0000,2023,,,,,,,,,,,,,Imóveis Comerciais - Outros,imoveis-comerciais-outros,100,841700.67,279344833,0.9724,,JASC11,,,12
334,JBFO11,0.4800,0.0000,0.0000,0.0000,0.0000,0.0000,0.0000,0.0000,0.0000,,0.0000,,0.0000,2023,,,,,,,,,,,,,Papéis,papeis,92.01,55206,109647498.48,1.0734,,JBFO11,,,0
452,JFLL11,0.6200,0.9000,0.9733,2.9200,1.0033,6.0200,0.9433,11.3200,5.8208,9.8986,6.7731,68.7200,5.0000,2023,0.6170,100.4875,0.0284,150791406.3700,7.4261,0.6455,1.8515,0.6172,3.7252,0.6209,,,Imóveis Residenciais,imoveis-residenciais,71.2,63758.11,151597272.65,0.7048,0.7085458390347058,JFLL11,,,2
528,JGPX11,1.3500,1.3900,1.3467,4.0400,1.3183,7.9100,1.2367,14.8400,0.7261,6.8657,2.1262,97.1000,6.5700,2023,1.2133,96.4300,0.4791,81784381.5400,12.7642,1.6982,3.8333,1.2778,7.3096,1.2183,12.0890,1.3432,Indefinido,indefinido,97.49,193487.13,81784381.54,1.0007,1.0109924297417814,JGPX11,,,0
149,JPPA11,1.3500,1.3600,1.4133,4.2400,1.3783,8.2700,1.4675,17.6100,5.3085,0.2299,6.7407,98.9900,6.9400,2023,1.4136,99.0385,-0.7325,79272816.9300,11.7594,0.6708,4.4766,1.4922,9.8078,1.6346,,,Papéis,papeis,97.4,405619.42,89386541.08,0.9851,0.9834559287549792,JPPA11,,,0
419,JRDM11,0.5300,0.6300,0.7067,2.1200,0.8333,5.0000,0.7817,9.3800,6.6125,5.4687,7.2842,84.0000,3.5400,2023,0.7878,87.3400,-0.0633,220347088.7500,4.1916,0.7240,2.1580,0.7193,3.7930,0.6322,,,Shoppings,shoppings,84.9,48721.24,224154220.92,0.9555,0.9720632012823449,JRDM11,,,1
51,JSAF11,0.9300,1.0700,1.1033,3.3100,1.1217,6.7300,1.1000,13.2000,1.1275,8.9129,2.2096,87.0000,5.6300,2023,0.9880,94.1300,-4.0637,148073844.4100,7.1182,-3.1159,2.8740,0.9580,5.7501,0.9583,,,Fundo de Fundos,fundo-de-fundos,89.56,638461.34,151745185.36,0.9284,0.9514501221714651,JSAF11,,,0
252,JSRE11,0.4600,0.6200,0.6833,2.0500,0.6933,4.1600,0.6517,7.8200,10.9609,5.9644,11.6489,74.7100,3.4900,2023,0.4320,113.4200,0.0034,2355388202.9100,4.3426,0.4354,1.2956,0.4319,2.5900,0.4317,,,Misto,misto,77.5,2563630.18,2340991713.99,0.6875,0.6833010051137366,JSRE11,,,6
1854,JURO11,1.2500,1.2100,0.7400,2.2200,0.8433,5.0600,1.1567,13.8800,4.6146,0.0474,5.8804,103.1500,2.6900,2023,,,,,,,,,,,,,Fundo de Desenvolvimento,fundo-de-desenvolvimento,103,1932185.5,0,0,,JURO11,,,
95,KCRE11,1.4700,1.5300,1.3800,4.1400,1.1600,6.9600,1.0167,12.2000,3.2061,15.8787,4.7851,96.2500,6.2700,2023,0.5154,98.9600,-1.9616,356256428.8400,1.5587,-1.4563,1.2096,0.4032,,,,,Indefinido,indefinido,98.03,486208.03,368503488.53,0.9577,0.9906022635408247,KCRE11,,,0
1816,KDIF11,1.0000,0.7500,0.8867,2.6600,0.9650,5.7900,0.9492,11.3900,2.1000,9.7455,2.8658,132.7300,4.7200,2023,,,,,,,,,,,,,Fundo de Desenvolvimento,fundo-de-desenvolvimento,129.95,3050226.05,0,0,,KDIF11,,,
324,KEVE11,33.8522,3.3800,1.1267,3.3800,0.5633,3.3800,0.4067,4.8800,0.0000,,0.0000,1001.0100,3.3800,2023,0.2798,967.7538,-1.4949,142938194.6300,-4.2917,-1.2193,,,,,,,Fundo de Desenvolvimento,fundo-de-desenvolvimento,1080,85434.48,136240412.71,1.1708,1.1159863180077412,KEVE11,,,0
243,KFOF11,0.7500,0.8800,0.9167,2.7500,0.9217,5.5300,0.8875,10.6500,8.8818,14.4017,9.8400,85.6900,4.6100,2023,0.7821,92.0600,-6.4324,417351938.4300,6.1142,-5.7006,2.2322,0.7441,4.4475,0.7413,,,Fundo de Fundos,fundo-de-fundos,91.98,1320569.21,418667372.74,0.996,0.9991310015207474,KFOF11,,,0
192,KINP11,2.8952,0.0000,1.6367,4.9100,2.4333,14.6000,2.6358,31.6300,0.0000,,0.0000,,12.5300,2023,5.0131,4.8000,-6.2772,34338416.7300,1.0379,-1.5788,10.1915,3.3972,25.5480,4.2580,,,Fundo de Desenvolvimento,fundo-de-desenvolvimento,9.82,38394.2,26408606.84,2.6612,2.0458333333333334,KINP11,,,0
163,KISU11,0.0700,0.8700,0.8867,2.6600,0.9400,5.6400,0.9475,11.3700,2.2872,3.9671,3.1771,8.0500,4.5300,2023,0.8531,8.7915,-5.2635,388551604.8600,2.0941,-4.4553,2.4608,0.8203,5.1326,0.8554,,,Fundo de Fundos,fundo-de-fundos,8.2,749657.08,391410455.57,0.9255,0.9327191036796906,KISU11,,,0
94,KIVO11,1.8000,2.0300,1.7667,5.3000,1.5883,9.5300,1.4600,17.5200,7.8656,-1.2438,10.0553,88.5900,8.0900,2023,,,,,,,,,,,,,Papéis,papeis,92.33,214347,113715785.43,0.9866,,KIVO11,,,0
542,KNCA11,1.4000,1.3100,1.2333,3.7000,1.1983,7.1900,1.2317,14.7800,0.7730,5.6347,2.0931,106.9000,5.8900,2023,1.1050,102.2600,0.0716,1441823009.5400,12.5841,1.1775,3.8956,1.2985,7.7628,1.2938,11.5901,1.4488,Indefinido,indefinido,105.89,2653517.13,1441823009.54,1.0453,1.0354977508312144,KNCA11,,,0
191,KNCR11,1.2400,1.3000,1.1933,3.5800,1.1700,7.0200,1.1483,13.7800,-1.7942,2.2325,-0.5175,95.2400,5.8000,2023,1.0928,100.6600,-0.0150,5747307324.4100,11.7587,1.0776,3.3754,1.1251,6.8332,1.1389,,,Papéis,papeis,97.5,14175389.13,5753493521.03,0.9675,0.9686071925293066,KNCR11,,,0
400,KNHY11,1.2500,1.2400,1.2567,3.7700,1.2033,7.2200,1.0167,12.2000,1.8990,9.7478,3.1625,100.8800,6.2500,2023,0.9214,97.6800,-0.9633,1806172257.8000,11.7908,-0.0508,1.7770,0.5923,5.0757,0.8460,,,Papéis,papeis,99.7,2793603.66,1875621848.43,0.9828,1.0206797706797706,KNHY11,,,0
292,KNIP11,1.0000,1.0500,1.0933,3.2800,1.0683,6.4100,0.9008,10.8100,4.3659,9.7185,5.4617,95.6200,5.3900,2023,0.5274,94.8000,-1.8990,7645646524.3300,9.1625,-1.3816,1.2025,0.4008,4.4667,0.7445,,,Papéis,papeis,94,9643820.76,7838947191.16,0.9603,0.9915611814345991,KNIP11,,,0
96,KNPR11,2.5000,0.0000,0.0000,0.0000,0.0000,0.0000,0.0000,0.0000,0.0000,,0.0000,,0.0000,2022,,,,,,,,,,,,,Indefinido,indefinido,0,,57796272.97,0,,KNPR11,,,0
240,KNRE11,0.0701,12.5200,27.5367,82.6100,23.0767,138.4600,14.8675,178.4100,-44.0000,6.5941,-36.9888,0.5600,138.4600,2022,36.8322,0.8300,-28.5307,15445287.7400,-8.0309,-2.2070,,,,,,,Fundo de Desenvolvimento,fundo-de-desenvolvimento,0.62,9004.53,13992248.65,0.8267,0.746987951807229,KNRE11,,,1
203,KNRI11,0.9500,0.6200,0.6533,1.9600,0.6683,4.0100,0.6467,7.7600,4.3082,12.2556,4.9549,152.2900,3.3000,2023,0.5683,160.1156,-0.0930,3867931624.0800,7.8577,0.4748,1.7045,0.5682,3.3689,0.5615,,,Misto,misto,157.39,3584117.08,3873417184.24,0.9816,0.9829772989015435,KNRI11,,,19
263,KNSC11,1.0500,1.1500,1.1600,3.4800,1.1250,6.7500,0.9817,11.7800,5.9378,11.4095,7.1561,90.9900,5.6600,2023,0.8465,88.6000,-1.1506,1176250630.5900,9.9504,-0.3139,1.9871,0.6624,5.0350,0.8392,,,Papéis,papeis,88.2,3312221.5,1201351095.06,0.9747,0.9954853273137698,KNSC11,,,0
302,LASC11,0.6000,0.6000,0.4267,1.2800,1.0467,6.2800,0.8883,10.6600,0.0000,,0.0000,100.0000,6.2800,2023,0.7385,109.6800,-0.2365,322496630.1900,2.3021,0.5003,2.2297,0.7432,3.4375,0.5729,,,Shoppings,shoppings,101.06,21509.26,300034047.66,0.9904,0.9214077315827862,LASC11,,,2
61,LAVF11,1.3000,0.0000,0.0000,0.0000,0.0000,0.0000,0.0000,0.0000,0.0000,,0.0000,,0.0000,2022,,,,,,,,,,,,,Indefinido,indefinido,0,,116243.8,0,,LAVF11,,,0
143,LFTT11,0.7382,,,,,,,,,,,,,,6.9182,53.0218,-12.0859,387300227.8900,-69.3344,-6.0039,,,,,,,Papéis,papeis,57.94,16904.87,220601496.62,1.9449,1.092758073094463,LFTT11,,,284
199,LGCP11,0.6300,0.8100,0.8100,2.4300,0.7917,4.7500,0.7708,9.2500,3.6424,-1.4159,4.4819,78.2500,4.0000,2023,0.6032,102.7905,0.0185,280911914.9900,7.5386,0.6218,1.8133,0.6044,3.6348,0.6058,,,Imóveis Industriais e Logísticos,imoveis-industriais-e-logisticos,88.46,355797.68,281094999.93,0.86,0.8605853653790964,LGCP11,,,5
98,LIFE11,0.1500,1.4700,1.5067,4.5200,1.3817,8.2900,0.9050,10.8600,4.9485,1.1142,6.4912,10.1800,7.0700,2023,,,,,,,,,,,,,Imóveis Comerciais - Outros,imoveis-comerciais-outros,10.19,121244,175072637.56,0.9961,,LIFE11,,,0
67,LLAO11,6.2515,,,,,,,,,,,,,,,,,,,,,,,,,,Misto,misto,0,,34449278.59,0,,LLAO11,,,14
130,LOFT11B,47.8954,0.0000,0.0000,0.0000,23.7067,142.2400,15.8192,189.8300,0.0000,,0.0000,,92.3700,2021,,,,,,,,,,,,,Fundo de Desenvolvimento,fundo-de-desenvolvimento,29.9,,25790297.91,2.2755,,LOFT11B,,,19
97,LPLP11,0.5678,,,,,,,,,,,,,,,,,,,,,,,,,,Indefinido,indefinido,0,,114318975.21,0,,LPLP11,,,0
482,LSAG11,1.7000,1.5900,1.5967,4.7900,1.3950,8.3700,1.2083,14.5000,-1.1112,0.8028,0.4611,106.7900,7.2900,2023,,,,,,,,,,,,,Misto,misto,107.4,98786.82,0,0,,LSAG11,,,0
443,LSPA11,0.7700,0.0000,0.0000,0.0000,0.0000,0.0000,0.0000,0.0000,0.0000,,0.0000,,0.0000,2023,,,,,,,,,,,,,Papéis,papeis,107.33,2259296.5,46255751.17,0.9386,,LSPA11,,,0
239,LUGG11,0.6200,0.8200,0.8033,2.4100,0.7750,4.6500,0.7275,8.7300,3.4388,7.0656,4.2870,75.5000,3.9400,2023,0.4067,127.8685,0.0706,115118749.8600,7.3766,0.4775,1.2436,0.4145,2.5027,0.4171,,,Fundo de Desenvolvimento,fundo-de-desenvolvimento,76.56,41919.82,133674010.34,0.6476,0.598740111911847,LUGG11,,,5
375,LVBI11,0.7600,0.7200,0.7500,2.2500,0.7517,4.5100,0.7267,8.7200,3.3506,6.6293,4.0947,105.8000,3.7800,2023,0.6493,115.5100,-0.0271,1360113106.6100,4.4661,0.6220,1.9478,0.6493,,,,,Imóveis Industriais e Logísticos,imoveis-industriais-e-logisticos,115,2733898.68,1360434615.7,0.9954,0.9955847978529997,LVBI11,,,8
193,MALL11,0.7800,0.7100,0.7500,2.2500,0.7583,4.5500,0.7400,8.8800,4.9655,9.8789,5.7107,109.5000,3.8000,2023,0.7232,107.8600,1.5913,815447626.2400,3.9688,2.3259,2.1986,0.7329,,,,,Shoppings,shoppings,113.76,2748353.63,1094921667.25,0.948,1.0547005377340999,MALL11,,,9
99,MANA11,0.1200,1.2000,1.1333,3.4000,1.1133,6.6800,1.0264,11.2900,0.1000,4.8782,1.3012,10.0100,5.5900,2023,,,,,,,,,,,,,Indefinido,indefinido,9.8,219521.53,192177224.25,0.999,,MANA11,,,0
246,MATV11,0.6000,0.7300,1.0367,3.1100,0.8117,4.8700,1.0233,12.2800,-1.4101,-1.0827,-0.6904,82.5000,1.9300,2023,0.8687,92.0900,-1.3431,39226174.0400,-0.8108,-0.4860,2.5818,0.8606,,,,,Indefinido,indefinido,81.3,26829.5,39529137.21,0.8761,0.8828320121620153,MATV11,,,0
408,MAXR11,0.7400,1.0700,1.1167,3.3500,0.9483,5.6900,0.8825,10.5900,5.8327,1.5267,6.9651,68.9500,4.7500,2023,0.5409,120.1800,0.0186,135277249.1400,4.2920,0.5595,1.6225,0.5408,,,,,Varejo,varejo,68.39,67608.53,138982978.07,0.5539,0.5690630720585788,MAXR11,,,9
281,MBRF11,0.5000,0.0000,0.0000,0.0000,0.0000,0.0000,0.0000,0.0000,0.0000,,0.0000,,0.0000,2023,0.8803,1136.0082,-0.1720,115491134.7200,10.0303,0.7067,2.6522,0.8841,5.2889,0.8815,,,Lajes Corporativas,lajes-corporativas,0,,0,0,,MBRF11,,,
141,MCCI11,0.9500,1.0200,1.0633,3.1900,1.1067,6.6400,1.1200,13.4400,7.2490,5.9277,8.3430,93.0600,5.4000,2023,1.1905,92.4000,-2.0147,1348562788.7400,3.2463,-0.8482,3.5410,1.1803,6.8762,1.1460,,,Papéis,papeis,90.56,3795743.61,1612481402.79,0.9525,0.98008658008658,MCCI11,,,0
402,MCHF11,0.1000,1.1200,1.1467,3.4400,1.1300,6.7800,1.1692,14.0300,2.5200,2.9454,3.6683,8.9500,5.6900,2023,1.1740,9.3700,-1.4883,302861569.8000,0.2060,-0.3318,3.4982,1.1661,,,,,Papéis,papeis,9.04,1274442.03,304370938.87,0.9607,0.9647812166488794,MCHF11,,,0
313,MCHY11,1.4000,1.2400,1.2533,3.7600,1.2600,7.5600,1.4392,17.2700,1.4978,8.8362,2.7563,113.1700,6.3000,2023,3.4106,99.6900,-3.7185,357847552.2300,9.0328,-0.4348,6.1197,2.0399,10.0415,1.6736,,,Papéis,papeis,110,423640.05,362457888.85,1.0894,1.1034206038720031,MCHY11,,,0
439,MFAI11,0.4700,0.7800,0.7000,2.1000,0.8700,5.2200,0.8750,10.5000,4.3826,7.7578,5.1968,60.0200,4.1000,2023,0.6100,70.4900,-8.8601,22278514.7600,-6.2882,-8.3041,2.4103,0.8034,4.5568,0.7595,,,Fundo de Fundos,fundo-de-fundos,61.4,23864.82,25245828.22,0.867,0.8710455383742375,MFAI11,,,0
309,MFII11,1.1000,1.1700,1.2000,3.6000,1.1833,7.1000,1.1633,13.9600,3.9027,6.6081,5.1184,93.9800,5.9000,2023,1.1202,99.0900,-1.8288,410920497.6900,2.5289,-0.7291,3.2930,1.0977,6.5810,1.0968,,,Fundo de Desenvolvimento,fundo-de-desenvolvimento,93.31,355198.95,427022750,0.9171,0.9416691896255929,MFII11,,,8
388,MGCR11,0.9600,1.1500,1.1800,3.5400,1.1367,6.8200,1.2367,14.8400,3.9636,10.3642,5.1592,83.4100,5.7200,2023,1.0008,89.9300,-2.9881,127904113.9600,4.1438,-2.0173,3.3320,1.1107,,,,,Papéis,papeis,82.52,261552.08,129104606.89,0.9091,0.9176025797842765,MGCR11,,,0
323,MGFF11,0.4700,0.7700,0.8667,2.6000,0.9083,5.4500,0.8850,10.6200,3.0743,8.7270,3.8680,61.0200,4.5800,2023,0.7315,72.4500,-6.0981,655755708.9100,-2.9582,-5.4112,2.1248,0.7083,,,,,Fundo de Fundos,fundo-de-fundos,62.34,1417417.82,649746111.84,0.8684,0.8604554865424431,MGFF11,,,0
126,MGHT11,0.8000,1.3000,1.3333,4.0000,1.2983,7.7900,1.2200,14.6400,4.1314,14.8601,5.4851,61.5000,6.6500,2023,0.7593,85.6100,-0.4535,112466978.4400,-6.0810,0.3023,2.2719,0.7573,,,,,Hotéis,hoteis,61.98,183346.53,113963039.95,0.7145,0.7239808433594206,MGHT11,,,1
180,MGLG11,0.3500,0.8600,0.8600,2.5800,0.7600,4.5600,0.9742,11.6900,-3.5952,-2.7662,-2.7662,40.4900,0.8600,2023,0.5686,61.5542,57.5370,116224996.0200,-18.6225,58.4328,2.2829,0.7610,5.0253,0.8375,,,Imóveis Industriais e Logísticos,imoveis-industriais-e-logisticos,40.99,55314.19,116088485.68,0.549,0.6659171916782283,MGLG11,,,2
102,MGRI11,1.3300,0.0000,0.0000,0.0000,0.0000,0.0000,0.0000,0.0000,0.0000,,0.0000,,0.0000,2023,,,,,,,,,,,,,Indefinido,indefinido,0,,24170557.37,0,,MGRI11,,,1
232,MORC11,1.1000,1.1900,1.2267,3.6800,1.2000,7.2000,1.2300,14.7600,5.0000,2.3971,6.2495,92.4000,6.0500,2023,1.1343,96.9800,-0.7268,125287392.9600,3.3037,0.3992,3.3852,1.1284,,,,,Papéis,papeis,90.29,361334.63,148580829.62,0.9168,0.9310167044751495,MORC11,,,0
250,MORE11,0.6000,0.8800,0.9200,2.7600,0.9400,5.6400,0.9433,11.3200,4.1463,10.0752,5.0628,68.3200,4.8100,2023,0.7203,83.3000,-5.0407,193189471.0800,-2.7405,-4.3568,2.0854,0.6951,,,,,Fundo de Fundos,fundo-de-fundos,69.86,547005.13,187654550.15,0.8633,0.838655462184874,MORE11,,,0
179,MXRF11,0.1200,1.1200,1.1400,3.4200,1.1100,6.6600,1.0592,12.7100,1.3245,12.3011,2.4593,10.7100,5.6700,2023,0.7921,10.1000,-0.9673,2282646736.0600,4.6981,-0.1828,2.8078,0.9359,,,,,Papéis,papeis,10.78,9667589.95,2274793907.08,1.0716,1.0673267326732674,MXRF11,,,3
128,NAVT11,0.8500,1.0300,1.1067,3.3200,1.1433,6.8600,1.1308,13.5700,8.5451,17.9135,9.6631,82.4400,5.7100,2023,0.9461,89.8400,-3.9247,94740518.9200,0.4852,-3.0157,2.7724,0.9241,,,,,Papéis,papeis,85,183321.68,97066029.34,0.9234,0.946126447016919,NAVT11,,,0
79,NCHB11,1.1900,1.3300,1.3700,4.1100,1.2700,7.6200,1.3100,15.7200,8.5912,5.5553,10.0355,89.4900,6.4600,2023,1.1089,90.1800,-1.1401,145806912.8300,3.1811,-0.0439,3.9061,1.3020,8.2413,1.3736,,,Papéis,papeis,86.74,328741.95,153136281.51,0.9617,0.9618540696385006,NCHB11,,,0
493,NCRA11,0.1500,1.4300,1.2533,3.7600,0.9450,5.6700,0.5567,6.6800,1.3527,-88.2200,2.8020,10.4900,5.3600,2023,0.9706,10.5600,0.0000,43087632.2400,0.0000,0.0000,2.2914,2.2914,2.2914,2.2914,2.2914,2.2914,Indefinido,indefinido,10.35,164186.37,43087632.24,0.9697,0.9801136363636362,NCRA11,,,0
1840,NCRI11,0.1000,1.1500,1.1367,3.4100,0.9020,4.5100,0.9020,4.5100,-4.3094,-6.2863,-3.2090,8.6600,4.5100,2023,,,,,,,,,,,,,Papéis,papeis,8.77,20077.79,40270630.8,0.8598,,NCRI11,,,
316,NEWL11,0.9300,0.9200,0.9267,2.7800,0.9967,5.9800,1.0275,12.3300,0.6300,8.0996,1.5558,100.6300,4.6500,2023,0.7439,120.9883,-0.3057,245981102.2600,13.7448,0.4359,2.2279,0.7426,5.0815,0.8469,,,Imóveis Industriais e Logísticos,imoveis-industriais-e-logisticos,106.08,235146.47,247190337.53,0.8725,0.8767789943325098,NEWL11,,,3
229,NEWU11,0.1400,0.2000,0.2000,0.6000,0.1650,0.9900,2.5608,30.7300,-0.0428,61.0124,0.1571,69.9900,0.9900,2023,0.1232,64.9167,-0.3121,48168182.0500,-0.1892,-0.1892,,,,,,,Lajes Corporativas,lajes-corporativas,69.12,79424.43,51144859.74,1.0028,1.064749132349611,NEWU11,,,3
151,NSLU11,1.5313,0.8600,0.9067,2.7200,0.9117,5.4700,0.7625,9.1500,8.0446,11.2642,8.9738,177.4200,4.5700,2023,0.7688,194.7800,0.0537,251911778.3600,3.1140,0.8230,2.2087,0.7362,,,,,Hospitalar,hospitalar,180.14,194327.18,257831880.54,0.9036,0.9248382790840948,NSLU11,,,1
139,NVHO11,0.0827,0.7500,0.7333,2.2000,0.7617,4.5700,0.7617,9.1400,-1.7857,14.1647,-1.0491,11.0000,3.7300,2023,0.6542,12.7549,0.0467,529260583.4300,6.3470,0.7013,1.9178,0.6393,3.7297,0.6216,,,Hospitalar,hospitalar,10.26,5707.87,580193486.95,0.7339,0.8043967416443877,NVHO11,,,4
158,NVIF11B,0.4446,0.0000,0.0000,0.0000,0.0000,0.0000,0.0000,0.0000,0.0000,,0.0000,,0.0000,2023,0.1504,295.6500,2.8735,99753245.0000,17.6953,3.0282,0.4650,0.1550,0.9718,0.1620,,,Fundo de Desenvolvimento,fundo-de-desenvolvimento,227.5,,116938026.55,0.6564,0.769490952139354,NVIF11B,,,21
485,OIAG11,0.1050,1.1200,1.2133,3.6400,1.3900,8.3400,1.2883,15.4600,-2.7950,-5.6340,-1.7063,9.3900,6.8400,2023,1.1236,9.7900,0.0000,88407370.9100,0.0000,0.0000,2.6573,2.6573,2.6573,2.6573,2.6573,2.6573,Indefinido,indefinido,9.11,239152.13,88407370.91,0.9785,0.9305413687436159,OIAG11,,,0
57,ONEF11,0.9800,0.5300,0.5467,1.6400,0.5567,3.3400,0.5542,6.6500,-0.5969,8.8305,-0.0700,183.2000,2.7700,2023,0.4568,201.4000,15.1023,183479598.9000,21.2708,15.6281,1.5085,0.5028,3.0871,0.5145,,,Lajes Corporativas,lajes-corporativas,193.97,52143.58,209486468.42,0.8435,0.9631082423038728,ONEF11,,,1
512,ORPD11,1.3793,0.0000,0.0000,0.0000,0.0000,0.0000,0.0000,0.0000,0.0000,,0.0000,,0.0000,2019,1.1062,124.6841,0.9472,36158397.7800,2.0639,2.0639,,,,,,,Fundo de Desenvolvimento,fundo-de-desenvolvimento,93,402.75,42660166.46,0.6322,0.7458850005734492,ORPD11,,,0
170,OUFF11,0.7200,1.0700,1.1000,3.3000,1.1067,6.6400,1.1033,13.2400,3.8207,11.0811,4.9316,67.3900,5.5500,2023,0.9192,76.1506,-5.1934,138162698.6200,5.6097,-4.3219,2.7152,0.9051,5.5808,0.9301,,,Fundo de Fundos,fundo-de-fundos,68.76,176353.95,136975498.87,0.9107,0.9029475801897819,OUFF11,,,3
166,OUJP11,1.2500,1.2600,1.3133,3.9400,1.2883,7.7300,1.3075,15.6900,5.7164,6.6827,7.0484,98.9400,6.4700,2023,1.2008,99.9358,-1.1772,325029599.1300,13.5542,0.0095,3.5771,1.1924,7.6068,1.2678,,,Papéis,papeis,99.59,688970.29,321855351.17,1.0064,0.9965397785378213,OUJP11,,,0
389,OULG11,0.4100,1.0000,1.0567,3.1700,1.0383,6.2300,0.7625,9.1500,2.8314,0.6121,3.8597,41.0400,5.2800,2023,0.2730,73.2643,0.0333,181789440.5900,0.7522,0.3064,,,,,,,Imóveis Industriais e Logísticos,imoveis-industriais-e-logisticos,41.05,46611.24,166940157.85,0.6101,0.5603001734814909,OULG11,,,2
213,OURE11,1.0000,1.2300,1.2800,3.8400,1.2800,7.6800,1.3033,15.6400,3.9633,5.1954,5.2420,81.5800,6.4700,2023,1.1411,92.0153,-2.1554,99108491.3300,11.1160,-1.0389,3.3709,1.1236,7.0551,1.1759,,,Misto,misto,81.01,107297.03,98989857.84,0.8814,0.8803970644012464,OURE11,,,4
223,PABY11,0.1325,,,,,,,,,,,,,2012,0.0000,251.4213,1.7432,190677892.8400,5.4924,1.7432,0.0000,0.0000,0.0000,0.0000,0.0000,0.0000,Fundo de Desenvolvimento,fundo-de-desenvolvimento,14.63,2454.5,-13710932.32,0,0.05818918285761787,PABY11,,,15
245,PATB11,7.1503,0.0000,0.0000,0.0000,0.0000,0.0000,0.0000,0.0000,0.0000,,0.0000,,0.0000,2023,,,,,,,,,,,,,Lajes Corporativas,lajes-corporativas,0,,574331121.33,0,,PATB11,,,3
433,PATC11,1.3314,,,,,,,,,,,,,,0.3540,79.1000,-7.1657,275074888.5000,-4.7140,-6.8371,1.2903,0.4301,2.4232,0.4039,,,Fundo de Desenvolvimento,fundo-de-desenvolvimento,73.49,978093.29,268961008.66,0.9502,0.9290771175726928,PATC11,,,7
228,PATL11,0.6000,0.9100,0.9233,2.7700,0.9000,5.4000,0.8242,9.8900,1.2454,-2.0025,2.1667,65.8500,4.5800,2023,0.5918,98.0058,-0.0998,489199176.0900,6.7406,0.4914,1.7743,0.5914,3.5514,0.5919,,,Imóveis Industriais e Logísticos,imoveis-industriais-e-logisticos,72.73,731248.92,490239396.17,0.7406,0.7420989370016877,PATL11,,,5
351,PEMA11,0.6400,0.0000,1.4600,4.3800,1.1100,6.6600,1.1775,14.1300,0.0000,,0.0000,,5.9300,2023,,,,,,,,,,,,,Papéis,papeis,40.7,892.4,41405734.1,0.5426,,PEMA11,,,0
489,PLCA11,1.1300,1.3200,1.2800,3.8400,1.2167,7.3000,1.2822,11.5400,-0.1049,-5.1024,1.2137,85.7000,6.1500,2023,1.1791,94.9900,0.0000,52908566.9700,0.0000,0.0000,2.3557,2.3557,2.3557,2.3557,2.3557,2.3557,Indefinido,indefinido,89.9,84351,52908566.97,0.8755,0.9464154121486473,PLCA11,,,0
423,PLCR11,1.0000,1.1800,1.1900,3.5700,1.1867,7.1200,1.2417,14.9000,1.3413,5.6086,2.5371,84.6200,5.9400,2023,1.1008,90.8400,-1.6445,191604396.1000,9.0600,-0.5618,3.4327,1.1442,,,,,Papéis,papeis,85.18,431649.61,194983468.85,0.9214,0.9376926464112726,PLCR11,,,0
344,PLOG11,0.7000,0.9900,1.0167,3.0500,1.0167,6.1000,1.0108,12.1300,2.0127,0.5538,3.0226,70.9600,4.0900,2023,0.7471,100.3948,-0.0245,75296076.0900,8.7653,0.7224,2.2411,0.7470,4.4831,0.7472,,,Imóveis Industriais e Logísticos,imoveis-industriais-e-logisticos,66.71,70165.04,79648071.76,0.629,0.6644766462007992,PLOG11,,,1
429,PLRI11,0.0494,0.2400,0.2833,0.8500,0.4450,2.6700,0.5333,6.4000,-6.4085,-14.3269,-6.1839,20.3000,3.3500,2023,0.3574,32.9600,-1.0790,31458226.6600,-14.0248,-0.7255,1.7323,0.5774,3.2378,0.5396,,,Papéis,papeis,19.57,9471.34,30115061.62,0.6201,0.59375,PLRI11,,,0
300,PORD11,1.0500,1.2200,1.2033,3.6100,1.1717,7.0300,1.2133,14.5600,3.3025,0.5434,4.5628,86.0200,6.0300,2023,0.9221,97.6000,-0.2657,363888508.9400,9.2076,0.6540,2.9649,0.9883,7.0877,1.1813,,,Papéis,papeis,89.32,794142.87,365660525.64,0.9107,0.9151639344262295,PORD11,,,0
441,PQAG11,0.4400,0.8000,0.8433,2.5300,0.8267,4.9600,0.7925,9.5100,8.8713,3.3939,9.7423,54.9800,4.1700,2023,0.7683,57.2700,-0.0299,801384144.5800,9.0353,0.7382,2.2694,0.7565,4.4507,0.7418,,,Imóveis Industriais e Logísticos,imoveis-industriais-e-logisticos,54,5941.94,802258713.39,0.9418,0.9429020429544264,PQAG11,,,1
196,PQDP11,16.5896,0.9500,1.1667,3.5000,0.9383,5.6300,0.8683,10.4200,1.2452,-14.7902,2.2070,1749.8000,4.8500,2023,0.5022,3314.3600,0.0675,813718968.2600,1.7049,0.5699,1.5004,0.5001,,,,,Shoppings,shoppings,1830,133461.68,766655882.56,0.586,0.552142796799382,PQDP11,,,1
397,PRSV11,14.1000,,,,,,,,,,,,,,0.4448,364.2296,-0.0308,71024775.3100,-3.8098,0.4138,1.5262,0.5087,2.6527,0.4421,5.7282,0.4774,Lajes Corporativas,lajes-corporativas,83,2788.48,41691301.46,0.3882,0.2278782394401773,PRSV11,,,1
314,PRTS11,0.0549,,,,,,,,,,,,,,,,,,,,,,,,,,Shoppings,shoppings,117.7,,3111607.44,1961.6667,,PRTS11,,,2
434,PVBI11,0.6100,0.6500,0.6533,1.9600,0.6667,4.0000,0.6325,7.5900,-2.9017,3.0060,-2.2706,93.3600,3.3900,2023,0.5499,103.6500,4.6271,1040547991.8800,8.2052,5.2024,1.7007,0.5669,,,,,Lajes Corporativas,lajes-corporativas,97.36,4143306.05,1240321187.02,0.9531,0.9393150024119633,PVBI11,,,3
335,QAGR11,0.4200,0.9100,0.9667,2.9000,0.9717,5.8300,0.9233,11.0800,6.5091,13.8172,7.4784,45.9800,4.8600,2023,0.7341,55.8500,-0.0845,281473386.2000,-1.6803,0.6490,2.2018,0.7339,,,,,Indefinido,indefinido,47,213006.42,281717204.52,0.8408,0.8415398388540734,QAGR11,,,12
117,QAMI11,1.0000,1.3000,1.2300,3.6900,1.1833,7.1000,1.1375,13.6500,2.6941,0.8813,4.0291,77.0000,5.9900,2023,0.8742,91.5100,-1.6064,73333958.7000,10.6921,-0.7462,2.6012,0.8671,,,,,Papéis,papeis,79.94,26261.87,75049541.27,0.8536,0.8735657305212544,QAMI11,,,0
55,QIRI11,89.6379,0.0000,0.6133,1.8400,0.6350,3.8100,0.6867,8.2400,0.0000,,0.0000,,6.1600,2022,0.7335,89.9797,6.2862,13496955.3500,8.7217,7.0658,2.4001,0.8000,4.6149,0.7692,,,Papéis,papeis,78.04,6867.57,13441852.95,0.8709,0.8673067369640042,QIRI11,,,0
169,RBCO11,0.5000,0.0000,0.0000,0.0000,0.0000,0.0000,0.0000,0.0000,0.0000,,0.0000,,0.0000,2023,0.2217,90.2202,1.0273,340942316.6400,-7.0758,1.2512,0.7383,0.2461,1.9677,0.3279,,,Lajes Corporativas,lajes-corporativas,0,,0,0,,RBCO11,,,
120,RBDS11,2.3541,11.2100,7.8100,23.4300,9.0033,54.0200,5.7125,68.5500,-51.1968,-45.7260,-45.7260,21.0000,11.2100,2021,0.0000,22.9843,0.0000,2908038.1700,0.0000,0.0000,,,,,,,Fundo de Desenvolvimento,fundo-de-desenvolvimento,3.13,1146.03,2486445.75,0.1593,0.13617991411528738,RBDS11,,,0
352,RBED11,1.2600,0.9900,1.0200,3.0600,1.0350,6.2100,0.9933,11.9200,5.7559,13.5270,6.8029,126.9600,5.1400,2023,0.8520,144.3600,2.2596,317006279.2400,11.7230,3.1309,2.5953,0.8651,5.1371,0.8562,,,Educacional,educacional,136,214747.08,339469888.7,0.9435,0.942089221390967,RBED11,,,7
407,RBFF11,0.5100,0.9300,0.9800,2.9400,0.9717,5.8300,0.9392,11.2700,8.5578,8.6126,9.5674,54.8000,4.8700,2023,0.7970,63.9944,-4.9443,239928753.3400,6.4343,-4.1867,2.3062,0.7687,4.6507,0.7751,,,Fundo de Fundos,fundo-de-fundos,57.74,323087.45,245872229.8,0.8805,0.9022664483142275,RBFF11,,,0
475,RBGS11,0.1766,0.6200,0.5267,1.5800,0.4533,2.7200,0.5142,6.1700,-1.8966,-25.7216,-1.2883,28.4500,5.1000,2021,0.1762,90.7841,0.0030,97865283.7100,1.1741,0.1792,0.4627,0.1542,,,,,Shoppings,shoppings,28.45,,97865283.71,0.3134,0.31338086735452575,RBGS11,,,1
186,RBHG11,1.0500,1.2600,1.2700,3.8100,1.2517,7.5100,1.3250,15.9000,1.7907,3.3291,3.0733,83.5600,6.2500,2023,1.1677,92.4859,-0.8025,159777048.8700,9.8713,0.3558,3.6637,1.2212,7.8398,1.3066,,,Papéis,papeis,86.29,672012.26,156875338.92,0.9502,0.9330070854043698,RBHG11,,,0
438,RBHY11,1.2000,1.2800,1.2967,3.8900,1.2717,7.6300,1.3267,15.9200,1.9166,2.7989,3.2211,93.5900,6.3900,2023,1.2693,94.5406,-0.7650,179013107.0600,12.6098,0.4945,3.9624,1.3208,8.4586,1.4098,,,Papéis,papeis,92.99,361623,175717210.63,1.002,0.983598580927136,RBHY11,,,0
1856,RBIF11,1.3500,1.4600,0.4867,1.4600,0.5033,3.0200,0.7260,7.2600,0.0000,,0.0000,92.6100,2.0500,2023,,,,,,,,,,,,,Fundo de Desenvolvimento,fundo-de-desenvolvimento,93.86,21248.94,0,0,,RBIF11,,,
367,RBIR11,0.3632,0.5300,0.6900,2.0700,0.8167,2.4500,0.8167,2.4500,16.1159,11.0286,16.7313,68.5200,2.0700,2023,,,,,,,,,,,,,Fundo de Desenvolvimento,fundo-de-desenvolvimento,79.5,46180.81,142713269.01,0.8515,,RBIR11,,,0
318,RBLG11,0.8800,0.0000,0.3200,0.9600,0.6250,3.7500,0.7658,9.1900,0.0000,,0.0000,,2.8300,2023,0.8771,100.3300,-1.0967,64230672.9600,2.5943,-0.2292,2.6086,0.8695,,,,,Imóveis Industriais e Logísticos,imoveis-industriais-e-logisticos,100.5,1726.96,64529052.09,0.997,1.001694408452108,RBLG11,,,1
1838,RBOP11,8.2500,1.6200,1.7667,5.3000,1.6117,9.6700,1.7317,20.7800,9.9138,-10.0781,11.6944,510.0000,8.3300,2023,,,,,,,,,,,,,Lajes Corporativas,lajes-corporativas,496.99,67670.32,78417993.59,0.6443,,RBOP11,,,2
440,RBRD11,0.3200,0.8300,0.9100,2.7300,0.8967,5.3800,0.8292,9.9500,11.7750,5.0414,12.7027,38.3500,4.6000,2023,0.4385,68.4200,0.0503,126703668.8100,0.8274,0.4890,1.3135,0.4378,2.8323,0.4720,,,Varejo,varejo,38.59,30622.92,122623613.25,0.5828,0.5640163694826075,RBRD11,,,4
234,RBRF11,0.6300,0.8500,0.8967,2.6900,0.9200,5.5200,0.8942,10.7300,4.0023,12.8016,4.8863,73.8000,4.6000,2023,0.7623,82.6400,-4.1610,1130629129.0600,0.8050,-3.4304,2.2190,0.7397,,,,,Fundo de Fundos,fundo-de-fundos,78.1,2985443.16,1127465121,0.9477,0.9450629235237172,RBRF11,,,0
84,RBRI11,17.8612,,,,,,,,,,,,,,,,,,,,,,,,,,Fundo de Desenvolvimento,fundo-de-desenvolvimento,915,17098.75,163891993.8,0.7619,,RBRI11,,,0
304,RBRL11,0.6700,0.7700,0.7867,2.3600,0.8100,4.8600,0.7733,9.2800,10.1145,10.5920,10.9624,86.5500,4.0600,2023,0.6060,107.2482,-0.0071,717172701.7000,7.4726,0.5989,1.8171,0.6057,3.6739,0.6123,,,Imóveis Industriais e Logísticos,imoveis-industriais-e-logisticos,93.5,596342.37,706463095.98,0.885,0.8718095035627638,RBRL11,,,9
444,RBRM11,2002.0897,0.0000,0.0000,0.0000,0.0000,0.0000,0.0000,0.0000,0.0000,,0.0000,,0.0000,2023,,,,,,,,,,,,,Fundo de Desenvolvimento,fundo-de-desenvolvimento,94794.81,,25305077.34,2.0191,,RBRM11,,,0
449,RBRP11,0.2700,0.5000,0.5500,1.6500,0.5633,3.3800,0.6242,7.4900,7.8743,16.1232,8.4137,54.2500,2.8200,2023,0.3302,81.7587,-1.6318,995754549.6100,3.6822,-1.3069,1.2060,0.4020,2.8378,0.4730,,,Lajes Corporativas,lajes-corporativas,57.5,1130591.53,975358416.82,0.718,0.7032890689308905,RBRP11,,,10
353,RBRR11,1.0000,1.0900,1.1267,3.3800,1.1067,6.6400,1.0325,12.3900,3.4366,10.3032,4.5641,91.8000,5.6100,2023,0.7357,95.1508,-1.8711,1278723141.9300,3.1234,-1.1492,2.1890,0.7297,5.6848,0.9475,,,Papéis,papeis,90.43,3946187.84,1278231337.4,0.9508,0.9503861239211862,RBRR11,,,0
167,RBRS11,0.4000,0.7300,0.7700,2.3100,0.7800,4.6800,0.7642,9.1700,7.0745,5.3476,7.8561,54.7900,3.7900,2023,0.5098,94.1500,5.0477,163288355.9200,5.5179,5.5833,1.4356,0.4785,2.8543,0.4757,,,Fundo de Desenvolvimento,fundo-de-desenvolvimento,53.5,19053.35,163374133.11,0.5679,0.5682421667551779,RBRS11,,,2
105,RBRX11,1.1700,1.2800,1.3467,4.0400,1.3717,8.2300,1.1942,14.3300,5.3326,7.6433,6.6808,91.0600,6.5700,2023,,,,,,,,,,,,,Indefinido,indefinido,89.97,426457,178796957.17,0.9464,,RBRX11,,,0
359,RBRY11,1.2500,1.2700,1.3000,3.9000,1.2450,7.4700,1.2000,14.4000,1.8714,8.2385,3.1651,98.5300,6.3400,2023,1.0070,99.3000,-0.5776,550807992.2400,3.4079,0.4237,3.0132,1.0044,6.6947,1.1158,,,Papéis,papeis,96.69,1459011.71,550260294.03,0.9747,0.9737160120845921,RBRY11,,,0
194,RBTS11,22.9987,0.0000,0.0000,0.0000,0.0000,0.0000,0.0000,0.0000,0.0000,,0.0000,,0.0000,2023,5.1295,919.3200,-16.4142,51964777.1200,-12.2083,-12.1268,,,,,,,Fundo de Desenvolvimento,fundo-de-desenvolvimento,1121,22420,48859372.29,1.2969,1.2193795414001654,RBTS11,,,0
382,RBVA11,0.9500,0.9600,1.0033,3.0100,1.0350,6.2100,1.0750,12.9000,4.8680,12.7470,5.8747,98.8800,5.0500,2023,1.0369,103.1900,0.1246,1195827465.2400,11.2333,1.1628,3.1152,1.0384,6.1407,1.0235,,,Varejo,varejo,103.9,842249.45,1252324791.14,0.9614,1.0068805116774882,RBVA11,,,77
378,RBVO11,0.0100,0.1200,0.1167,0.3500,0.1183,0.7100,1.5350,18.4200,-4.1176,-22.3113,-4.0026,8.1500,0.6600,2023,0.1152,17.3653,-0.5893,8957446.1500,-22.4431,-0.4748,0.4035,0.1345,1.0075,0.1679,,,Papéis,papeis,9.2,5322.29,9155043.21,0.5183,0.5297921717448013,RBVO11,,,0
259,RCFF11,1.2312,1.3200,0.4400,1.3200,0.8380,4.1900,0.8380,4.1900,0.0000,,0.0000,93.0000,1.3200,2022,1.8617,94.0513,-0.0649,30397372.6200,1.7956,1.7956,,,,,,,Fundo de Fundos,fundo-de-fundos,90,6076.4,29766391.32,0.9772,0.9569245720154852,RCFF11,,,0
319,RCRB11,0.7400,0.5600,0.6233,1.8700,0.6250,3.7500,0.5908,7.0900,12.0094,15.0767,12.6367,133.0000,3.1400,2023,0.3626,209.5800,6.3244,773491666.3500,10.5693,6.7100,1.1134,0.3711,2.2182,0.3697,,,Lajes Corporativas,lajes-corporativas,144,719585.11,769956186.61,0.6903,0.6870884626395648,RCRB11,,,9
289,RDPD11,0.3100,1.3900,1.4267,4.2800,3.8717,23.2300,6.8600,82.3200,-4.9787,-7.0815,-3.6579,22.3300,24.4500,2023,0.9426,33.9476,-37.0460,36596919.0000,-36.0114,-36.4525,2.6743,0.8914,5.8484,0.9747,,,Papéis,papeis,22.96,98337.21,23933616.17,0.991,0.6763364715031401,RDPD11,,,0
348,RECR11,1.2254,1.4200,1.4100,4.2300,1.2483,7.4900,1.0450,12.5400,2.7821,3.1196,4.2416,86.0800,6.4500,2023,0.7710,95.3300,-0.0019,2520731349.4000,12.7224,0.7691,1.8641,0.6214,4.9754,0.8292,,,Papéis,papeis,88.56,4635421.18,2521296894.25,0.9288,0.9289835308926886,RECR11,,,0
409,RECT11,0.4000,0.7800,0.9633,2.8900,0.9850,5.9100,0.9158,10.9900,-1.4382,-0.1090,-0.6694,51.4000,4.9800,2023,0.5269,95.2383,-0.2114,813667318.7700,3.2884,0.3143,1.5784,0.5261,3.1575,0.5263,,,Lajes Corporativas,lajes-corporativas,50.04,672086.53,790838299.16,0.5406,0.5254188703494288,RECT11,,,9
297,RECX11,0.6000,0.9400,0.9600,2.8800,0.9850,5.9100,0.9700,11.6400,-3.2548,-4.4597,-2.3453,63.6100,5.0500,2023,0.7657,78.3600,-3.7998,17106482.6500,-5.6839,-3.0632,2.7297,0.9099,,,,,Fundo de Fundos,fundo-de-fundos,64.76,13963.68,16411276.17,0.8615,0.8264420622766718,RECX11,,,0
214,REIT11,9.1570,0.0000,0.0000,0.0000,0.0000,0.0000,0.0000,0.0000,0.0000,,0.0000,,0.0000,2023,,,,,,,,,,,,,Papéis,papeis,178,178,7842730.83,0.5967,,REIT11,,,0
435,RELG11,0.7000,0.9900,1.0200,3.0600,0.9100,5.4600,1.0175,12.2100,-1.1865,-1.4317,-0.2082,70.7900,1.9700,2023,0.6749,118.5435,-0.3285,158203626.9700,4.6187,0.3441,1.5894,0.5298,3.8653,0.6442,,,Imóveis Industriais e Logísticos,imoveis-industriais-e-logisticos,59.08,124511.89,164268418.49,0.48,0.49838245032414263,RELG11,,,5
376,RFOF11,0.7000,0.9800,1.0100,3.0300,1.0133,6.0800,0.9808,11.7700,2.5916,7.6529,3.5970,71.6500,5.0700,2023,0.9063,80.5506,-6.0724,86846738.6700,1.0839,-5.2212,2.5879,0.8626,5.0601,0.8434,,,Fundo de Fundos,fundo-de-fundos,75.78,76449.89,86902246.74,0.9402,0.94077511526916,RFOF11,,,0
1842,RINV11,1.0500,1.0000,0.9533,2.8600,0.9500,3.8000,0.9500,3.8000,7.8853,12.7906,8.9642,105.3500,3.8000,2023,,,,,,,,,,,,,Indefinido,indefinido,108.15,155670.63,31359909.48,1.035,,RINV11,,,
349,RMAI11,0.2600,0.5600,0.5600,1.6800,0.5233,3.1400,0.5750,6.9000,1.0435,-20.3979,1.6093,46.4800,2.7100,2023,0.2407,108.0398,-0.0539,264027689.7500,2.1495,0.1867,0.7217,0.2406,1.4414,0.2402,,,Lajes Corporativas,lajes-corporativas,48,72368.03,242186655.22,0.4844,0.4442807187721562,RMAI11,,,2
173,RNDP11,0.7000,0.5900,0.5933,1.7800,2.9200,17.5200,6.3900,76.6800,4.8761,-6.5037,5.4949,118.5100,22.5600,2023,0.4063,189.5200,-40.9913,20370268.0400,-69.5678,-40.7516,1.7815,0.5938,4.2505,0.7084,,,Papéis,papeis,116.95,5928.29,19299284.47,0.6513,0.6170852680455888,RNDP11,,,0
329,RNGO11,0.4000,0.7900,0.8467,2.5400,0.8733,5.2400,0.8717,10.4600,-0.6883,8.2301,0.0963,50.5000,4.3600,2023,0.4904,87.6800,-0.0210,234642811.8700,5.3681,0.4693,1.4712,0.4904,2.9314,0.4886,,,Lajes Corporativas,lajes-corporativas,49.02,78050.71,231354035.33,0.567,0.5590784671532847,RNGO11,,,4
217,ROOF11,41.7154,0.0000,0.0000,0.0000,0.0000,0.0000,0.0000,0.0000,0.0000,,0.0000,,0.0000,2023,,,,,,,,,,,,,Fundo de Desenvolvimento,fundo-de-desenvolvimento,590,53459.2,42610171.42,1.073,,ROOF11,,,79
106,RPRI11,1.3000,1.3400,1.3300,3.9900,1.3233,7.9400,1.0733,12.8800,2.7869,6.1979,4.1642,97.0000,6.5600,2023,,,,,,,,,,,,,Papéis,papeis,97.85,410557.24,227346026.76,0.9649,,RPRI11,,,0
184,RRCI11,1.0000,1.2000,1.2300,3.6900,1.1683,7.0100,1.2267,14.7200,3.4191,0.6435,4.6602,83.1800,5.9800,2023,0.9530,94.4388,-1.4942,45496558.4000,10.7818,-0.5555,3.0870,1.0290,6.9160,1.1527,,,Papéis,papeis,83.99,39231.11,44490796.01,0.9095,0.8893590346340698,RRCI11,,,0
215,RSPD11,20.1327,0.0000,0.0000,0.0000,0.0000,0.0000,0.0000,0.0000,0.0000,,0.0000,,0.0000,2023,0.9818,1130.0991,-1.0846,168368776.6900,-0.1134,-0.1134,,,,,,,Fundo de Desenvolvimento,fundo-de-desenvolvimento,1125,3375,154270802.96,1.0866,0.9954879178295073,RSPD11,,,0
491,RURA11,0.1400,1.3500,1.1233,3.3700,1.1217,6.7300,1.1208,13.4500,1.1685,5.8018,2.5342,10.3900,5.3800,2023,,,,,,,,,,,,,Misto,misto,10.38,1333588.08,0,0,,RURA11,,,0
202,RVBI11,0.7500,0.9500,1.0000,3.0000,1.0250,6.1500,0.9958,11.9500,5.1976,14.3490,6.1969,79.3400,5.1200,2023,0.8942,83.8700,-2.8780,120772113.6900,5.1082,-2.0095,2.6262,0.8754,5.2258,0.8710,,,Fundo de Fundos,fundo-de-fundos,82.65,177604.68,121599118.02,0.9788,0.9854536783116729,RVBI11,,,0
513,RZAG11,0.1250,1.3400,1.3167,3.9500,1.2817,7.6900,1.2825,15.3900,2.5358,4.3738,3.9098,9.3000,6.4500,2023,1.3655,9.5200,-0.3955,647813930.7300,13.5530,0.9647,4.1942,1.3981,8.2955,1.3826,13.7473,1.3747,Indefinido,indefinido,9.38,2106220.84,647813930.73,0.9842,0.985294117647059,RZAG11,,,0
277,RZAK11,1.2500,1.3100,1.3167,3.9500,1.3083,7.8500,1.4133,16.9600,3.1432,4.0693,4.4944,95.4900,6.4200,2023,1.6192,92.6400,-0.4085,360999586.2800,7.8970,1.2040,4.6752,1.5584,,,,,Papéis,papeis,94,3712385.37,817479128.74,1.0128,1.0146804835924006,RZAK11,,,0
1864,RZAT11,1.2000,1.2300,1.4167,4.2500,1.2050,7.2300,1.0492,12.5900,3.7937,16.7057,5.0704,97.4000,6.7900,2023,,,,,,,,,,,,,Imóveis Industriais e Logísticos,imoveis-industriais-e-logisticos,94.81,783529.92,371250412.71,0.947,,RZAT11,,,10
233,RZTR11,0.8500,0.9400,0.9833,2.9500,0.9600,5.7600,1.0875,13.0500,6.6181,-4.7678,7.6203,90.7000,4.9000,2023,1.2846,97.3100,0.0015,1066756882.7800,10.3689,1.2861,3.8508,1.2836,7.6715,1.2786,,,Misto,misto,93.93,2069299.32,1050763743.78,0.9876,0.965265645874011,RZTR11,,,15
307,SADI11,1.0000,1.1800,1.1933,3.5800,1.1767,7.0600,1.1667,14.0000,4.1667,-2.0081,5.3958,85.0000,5.9200,2023,1.0584,99.2025,-0.8807,315484399.1900,9.9180,0.1684,3.1582,1.0527,6.3152,1.0525,,,Papéis,papeis,83.78,280394,149415214.47,0.8684,0.844535167964517,SADI11,,,0
279,SARE11,0.6000,0.9000,1.0200,3.0600,1.0150,6.0900,0.9575,11.4900,13.3548,3.5671,14.3750,66.8000,5.1500,2023,0.6766,94.5880,-3.2397,873456265.0600,2.4170,-2.5850,1.9943,0.6648,4.0320,0.6720,,,Misto,misto,66.86,1633414.74,870603929.22,0.7092,0.7068549921765975,SARE11,,,3
266,SCPF11,0.0170,0.3100,0.4667,1.4000,0.5450,3.2700,0.4117,4.9400,6.0784,-1.1431,6.4073,5.4100,2.3100,2023,0.1428,12.6092,0.2904,52958523.1300,2.5545,0.4336,0.3896,0.1299,0.7972,0.1329,,,Shoppings,shoppings,5.19,3481.05,49130198.36,0.4436,0.411604225486153,SCPF11,,,1
195,SDIL11,0.8300,0.8700,0.8933,2.6800,0.8933,5.3600,0.8650,10.3800,1.5002,4.8124,2.3832,95.4000,4.5000,2023,0.8339,98.3300,-0.2174,628810333.3800,9.8640,0.6147,2.4359,0.8120,4.7361,0.7894,,,Imóveis Industriais e Logísticos,imoveis-industriais-e-logisticos,95.01,923754.05,615145313.88,0.9877,0.9662361435980882,SDIL11,,,5
91,SEED11,1.1500,1.1600,0.3867,1.1600,0.1933,1.1600,0.1833,2.2000,0.0000,,0.0000,99.0000,1.1600,2023,,,,,,,,,,,,,Indefinido,indefinido,98.99,156159.5,145994727.82,1.112,,SEED11,,,0
256,SEQR11,0.6904,1.1100,1.1400,3.4200,1.1350,6.8100,1.0783,12.9400,3.7500,6.7508,4.9016,62.2500,5.7100,2023,0.7038,96.2734,0.2232,154860775.5900,7.9167,0.9286,2.0894,0.6965,4.1650,0.6942,,,Misto,misto,60.79,220805.26,150350065.3,0.6504,0.6314309040711141,SEQR11,,,4
442,SHOP11,6.7510,,,,,,,,,,,,,,,,,,,,,,,,,,Shoppings,shoppings,68,112.13,71675570.55,1.4052,,SHOP11,,,1
418,SHPH11,4.2000,0.6100,0.6033,1.8100,0.5400,3.2400,0.4692,5.6300,10.7419,-4.1401,11.4175,686.6000,2.7900,2023,0.3036,889.2700,0.0247,541523043.1700,3.9591,0.3284,1.1889,0.3963,2.3851,0.3975,,,Shoppings,shoppings,750,172634.11,545005856.4,0.838,0.84338839722469,SHPH11,,,1
108,SHSO11,1.0300,0.0000,0.0000,0.0000,0.0000,0.0000,0.0000,0.0000,0.0000,,0.0000,,0.0000,2023,,,,,,,,,,,,,Indefinido,indefinido,0,,19523677.58,0,,SHSO11,,,0
109,SIGR11,1.2261,0.0000,0.0000,0.0000,0.0000,0.0000,0.0000,0.0000,0.0000,,0.0000,,0.0000,2023,,,,,,,,,,,,,Indefinido,indefinido,100,333600,39147361.12,0.9947,,SIGR11,,,0
555,SNAG11,1.2000,1.1900,1.1400,3.4200,1.1367,6.8200,1.2167,10.9500,0.0000,5.2589,1.1900,101.2000,5.6400,2023,1.1919,100.6800,-0.5874,302047117.5000,3.8846,0.5975,3.4384,1.1461,5.8111,1.4528,5.8111,1.4528,Papéis,papeis,100.5,1069432.24,302047117.5,0.9982,0.9982121573301549,SNAG11,,,0
236,SNCI11,1.1000,1.1000,1.1033,3.3100,1.0617,6.3700,1.0808,12.9700,1.0606,6.8538,2.1723,100.0500,5.3600,2023,1.1244,97.8300,0.4415,410906844.9900,11.6171,1.5708,3.2234,1.0745,6.2957,1.0493,7.3205,0.6100,Papéis,papeis,99.89,650733.29,414277550.97,1.0127,1.0210569355003578,SNCI11,,,0
53,SNFF11,0.6500,0.7400,0.7567,2.2700,0.7817,4.6900,0.8125,9.7500,1.6284,3.6021,2.3804,88.0000,3.7800,2023,1.4635,88.8300,-4.8242,251391286.3500,1.1244,-3.4314,2.8497,0.9499,,,,,Fundo de Fundos,fundo-de-fundos,86.01,329564.37,252403727.54,0.9643,0.9682539682539684,SNFF11,,,0
1836,SNID11,1.1500,1.1300,0.7533,2.2600,0.7483,4.4900,0.7063,5.6500,0.0000,4.1843,1.1300,101.5900,5.6500,2023,,,,,,,,,,,,,Fundo de Desenvolvimento,fundo-de-desenvolvimento,101.01,117977.05,0,0,,SNID11,,,
1846,SNLG11,0.3500,0.8600,0.8600,2.5800,0.7600,4.5600,0.9742,11.6900,-3.5952,-2.7662,-2.7662,40.4900,0.8600,2023,,,,,,,,,,,,,Imóveis Industriais e Logísticos,imoveis-industriais-e-logisticos,36.9,44800.95,116088485.68,0.6002,,SNLG11,,,2
206,SOLR11,4.7708,0.0000,0.0000,0.0000,0.0000,0.0000,0.0000,0.0000,0.0000,,0.0000,,0.0000,2023,,,,,,,,,,,,,Imóveis Comerciais - Outros,imoveis-comerciais-outros,1128.06,1058.5,58865120.48,1.2051,,SOLR11,,,1
207,SPTW11,0.4200,1.0400,1.0633,3.1900,1.0567,6.3400,1.0017,12.0200,3.2357,3.8991,4.3094,40.2000,5.3100,2023,0.7898,53.1800,0.0916,95616447.8100,8.7324,0.8821,2.2965,0.7655,4.5611,0.7602,,,Lajes Corporativas,lajes-corporativas,42.05,111889.87,100601437.72,0.7516,0.7907107935314027,SPTW11,,,1
294,SPVJ11,0.6700,0.0000,0.0000,0.0000,0.0000,0.0000,0.0000,0.0000,0.0000,,0.0000,,0.0000,2023,0.5738,116.7618,0.0813,737010972.7600,16.0239,0.6556,1.7734,0.5911,3.6840,0.6140,,,Shoppings,shoppings,0,,734470232.18,0,,SPVJ11,,,14
85,SPXS11,1.1500,1.2100,1.2633,3.7900,1.1133,6.6800,1.0044,9.0400,16.9972,10.2171,18.4128,94.9900,6.0100,2023,,,,,,,,,,,,,Indefinido,indefinido,91.54,389692.87,119266937.26,0.9504,,SPXS11,,,0
122,SRVD11,0.2000,2.2900,1.6500,3.3000,1.6500,3.3000,1.6500,3.3000,-9.7938,-7.7281,-7.7281,8.7500,3.3000,2022,16.8728,1.1853,-0.1136,114131701.2300,25.6393,16.7400,,,,,,,Indefinido,indefinido,5.73,175.14,605764.22,573,4.834219185016452,SRVD11,,,0
189,STRX11,0.7500,0.0000,0.0000,0.0000,0.0000,0.0000,0.0000,0.0000,0.0000,,0.0000,,0.0000,2023,0.5041,140.8579,0.0108,227282512.7700,5.9507,0.5149,1.6472,0.5491,3.2250,0.5375,,,Fundo de Desenvolvimento,fundo-de-desenvolvimento,8.52,,264632033.44,0.0519,0.06048649028559988,STRX11,,,3
146,TCPF11,1.9200,0.0000,0.0000,0.0000,0.0000,0.0000,0.0000,0.0000,0.0000,,0.0000,,0.0000,2023,,,,,,,,,,,,,Misto,misto,1.26,,38396387.78,0.0098,,TCPF11,,,0
237,TEPP11,0.5500,0.6800,0.7200,2.1600,0.7300,4.3800,0.6867,8.2400,10.0954,25.0231,10.8440,80.8100,3.6200,2023,0.5542,90.2258,-0.0932,380930502.5500,4.6466,0.4605,1.6519,0.5506,3.2948,0.5491,,,Lajes Corporativas,lajes-corporativas,85.15,979071.58,402366364.33,0.8935,0.9437433638715312,TEPP11,,,5
431,TGAR11,1.3600,1.1200,1.1667,3.5000,1.1367,6.8200,1.2058,14.4700,7.9893,5.3456,9.1988,121.3800,5.7500,2023,1.3086,114.6255,-1.9991,1296364862.0500,-0.9816,-0.7166,3.9678,1.3226,7.8215,1.3036,,,Fundo de Desenvolvimento,fundo-de-desenvolvimento,120.2,3881264.76,1659847150.85,0.9983,1.0486322851372514,TGAR11,,,8
111,TJKB11,1.6000,0.0000,0.3100,0.9300,0.1550,0.9300,0.0775,0.9300,0.0000,,0.0000,,0.9300,2023,,,,,,,,,,,,,Indefinido,indefinido,271.35,12166,202216206.32,1.0158,,TJKB11,,,7
411,TORD11,0.0500,0.9000,0.8367,2.5100,0.8667,5.2000,0.9550,11.4600,-24.5257,-23.8465,-23.8465,5.5700,0.9000,2023,0.5680,14.0853,-0.4481,493708826.4000,12.8944,0.1173,1.5592,0.5197,,,,,Misto,misto,3.77,280356.97,434453179.35,0.3043,0.26765493102738314,TORD11,,,1
333,TRNT11,0.3900,0.0000,0.2833,0.8500,0.3133,1.8800,0.2725,3.2700,0.0000,,0.0000,,1.6100,2023,0.2576,202.5700,0.0077,797232182.2300,1.3959,0.2653,0.5591,0.1864,1.1353,0.1892,,,Lajes Corporativas,lajes-corporativas,114.9,60916.35,774095724.42,0.5842,0.5672113343535569,TRNT11,,,1
456,TRXB11,0.9200,0.7300,0.7567,2.2700,0.7600,4.5600,0.5758,6.9100,8.2931,5.2216,9.0836,125.6200,3.7900,2023,,,,,,,,,,,,,Fundo de Desenvolvimento,fundo-de-desenvolvimento,129,557113.27,329507265.03,1.1201,,TRXB11,,,12
280,TRXF11,0.8500,0.8100,0.8167,2.4500,0.8700,5.2200,0.8508,10.2100,-0.3344,3.3350,0.4729,104.3300,4.0800,2023,0.8413,101.0400,0.2302,897393209.0500,9.9397,1.0734,2.5097,0.8366,5.2196,0.8699,,,Imóveis Comerciais - Outros,imoveis-comerciais-outros,104.9,3941418.89,1248373911.98,1.0078,1.038202692003167,TRXF11,,,27
290,TSER11,0.9600,0.9600,0.3200,0.9600,0.3083,1.8500,0.3600,4.3200,0.0000,,0.0000,100.0000,1.8500,2023,,,,,,,,,,,,,Lajes Corporativas,lajes-corporativas,100,1535.86,123953118,0.9721,,TSER11,,,1
123,URPR11,1.3300,1.3700,1.4033,4.2100,1.3267,7.9600,1.3133,15.7600,4.7204,3.0207,6.1551,97.3900,6.7600,2023,1.1174,99.3335,-1.7375,1159743349.6800,22.9327,-0.6395,3.5268,1.1756,8.1798,1.3633,,,Papéis,papeis,97,2284451.08,1170990482.28,0.9671,0.9765084286771331,URPR11,,,0
244,VCJR11,1.2500,1.3500,1.3300,3.9900,1.2250,7.3500,0.9483,11.3800,6.6767,8.5711,8.1168,92.3500,6.2500,2023,0.4568,94.1300,-1.5396,1386004425.3600,11.4483,-1.0898,0.8771,0.2924,4.0728,0.6788,,,Papéis,papeis,89.47,2231751.89,1406109748.02,0.9369,0.9504939976628068,VCJR11,,,0
549,VCRA11,1.3700,1.3600,1.3267,3.9800,1.2833,7.7000,1.2964,14.2600,0.4975,0.9710,1.8643,101.0000,6.2900,2023,1.1597,102.6100,0.2202,471373746.6000,2.8678,1.3824,4.0868,2.0434,4.0868,2.0434,4.0868,2.0434,Indefinido,indefinido,96.99,555500.61,471373746.6,0.9769,0.9452295097943669,VCRA11,,,0
113,VCRI11,0.1100,1.2900,1.3933,4.1800,1.3467,8.0800,1.5018,16.5200,10.8949,0.6430,12.3255,8.5500,6.7000,2023,1.2544,9.5666,-1.3316,170030754.8400,1.6859,-0.0940,3.7314,1.2438,8.0223,1.3371,,,Papéis,papeis,8.66,338757.26,170345410.85,0.904,0.9052327890786697,VCRI11,,,0
404,VCRR11,0.7000,0.8900,0.9367,2.8100,0.9367,5.6200,0.9133,10.9600,8.1599,12.6417,9.1225,79.0000,4.7100,2023,0.5582,120.0280,0.0567,240055982.8400,6.6719,0.6152,1.6751,0.5584,3.3523,0.5587,,,Imóveis Residenciais,imoveis-residenciais,79.7,155054.47,256829326.11,0.6207,0.6640117305961942,VCRR11,,,0
384,VGHF11,0.1100,1.1600,1.2000,3.6000,1.1233,6.7400,1.1167,13.4000,5.2339,6.4783,6.4546,9.4500,5.7800,2023,1.0846,9.2200,-1.7033,671782012.9100,12.4675,-0.6371,3.0078,1.0026,7.0058,1.1676,,,Misto,misto,9.39,2043387.71,677023977.17,1.0108,1.0184381778741864,VGHF11,,,0
534,VGIA11,0.1350,1.4200,1.4200,4.2600,1.4500,8.7000,1.4917,17.9000,0.0000,1.5421,1.4200,9.5000,7.2100,2023,1.3684,9.5000,-0.3001,821089744.8600,9.2925,1.0642,4.3624,1.4541,9.1879,1.5313,10.5553,1.7592,Indefinido,indefinido,9.5,4261168.71,821089744.86,0.9989,1,VGIA11,,,0
118,VGIP11,1.0900,1.2400,1.3400,4.0200,1.1667,7.0000,1.0117,12.1400,2.6371,9.3700,3.9098,87.9600,6.0400,2023,0.4963,90.6700,-1.7766,1068757358.5900,7.9989,-1.2891,1.4742,0.4914,5.2031,0.8672,,,Papéis,papeis,87.46,2111565.71,1090740908.12,0.9451,0.9645968898202271,VGIP11,,,0
47,VGIR11,0.1200,1.2900,1.2767,3.8300,1.2533,7.5200,1.2667,15.2000,-1.6895,1.2376,-0.4213,9.3100,6.4000,2023,1.3514,9.6200,-0.1959,993272195.2000,-89.1396,1.1528,4.0480,1.3493,6.7731,1.1289,,,Papéis,papeis,9.27,3812533.63,992969873.79,0.9636,0.9636174636174637,VGIR11,,,0
135,VIDS11,129.2696,0.0000,0.0000,0.0000,0.0000,0.0000,0.0000,0.0000,0.0000,,0.0000,,0.0000,2022,,,,,,,,,,,,,Fundo de Desenvolvimento,fundo-de-desenvolvimento,0,,72834224.69,0,,VIDS11,,,0
342,VIFI11,0.0650,0.8700,0.9267,2.7800,0.9350,5.6100,0.8808,10.5700,8.1159,11.8129,9.0566,7.4600,4.6800,2023,0.6750,8.8892,-5.1376,71906199.0800,-69.5073,-4.4973,1.9506,0.6502,3.9654,0.6609,,,Fundo de Fundos,fundo-de-fundos,7.8,97563.63,73110640.44,0.8628,0.8774692885748998,VIFI11,,,0
386,VILG11,0.7000,0.7200,0.7200,2.1600,0.6983,4.1900,0.6992,8.3900,3.6267,1.2492,4.3728,97.7200,3.4900,2023,0.6334,113.6752,-0.2821,1704831705.4800,6.8469,0.3495,1.8968,0.6323,3.7903,0.6317,,,Imóveis Industriais e Logísticos,imoveis-industriais-e-logisticos,105.44,1998130.18,1679150195.56,0.9418,0.9275549988036088,VILG11,,,15
182,VINO11,0.3100,0.7000,0.7400,2.2200,0.7283,4.3700,0.7200,8.6400,4.2593,-2.9316,4.9891,44.5500,3.6600,2023,0.6308,53.8977,-0.4431,892828948.0600,4.1697,0.1850,1.8898,0.6299,3.7800,0.6300,,,Lajes Corporativas,lajes-corporativas,45.64,986802.79,899963895.85,0.8401,0.8467893806229209,VINO11,,,10
278,VISC11,0.8200,0.6900,0.7500,2.2500,0.7667,4.6000,0.7225,8.6700,9.4214,15.3762,10.1764,118.0000,3.8000,2023,0.6613,114.9284,-0.0401,2033799531.3400,5.9165,0.6210,1.9586,0.6529,3.8148,0.6358,,,Shoppings,shoppings,114.1,3696618.89,2235048024.46,0.9491,0.9927920339968189,VISC11,,,20
410,VIUR11,0.0720,0.9000,1.0200,3.0600,1.0167,6.1000,0.9767,11.7200,9.1405,6.3622,10.1228,8.0000,5.1900,2023,0.7571,9.5103,-0.1170,256267930.8200,-89.3084,0.6392,2.2715,0.7572,4.5523,0.7587,,,Misto,misto,8.21,452348.34,247609446.67,0.8934,0.8632745549562054,VIUR11,,,8
312,VJFD11,0.9800,0.0000,0.0000,0.0000,0.0000,0.0000,0.0000,0.0000,0.0000,,0.0000,,0.0000,2023,0.7660,132.8369,0.0348,647729783.5200,2.4269,0.8010,2.2894,0.7631,,,,,Papéis,papeis,0,,665494906.73,0,,VJFD11,,,39
114,VLIQ11,5.0419,0.0000,0.0000,0.0000,0.0000,0.0000,0.0000,0.0000,0.0000,,0.0000,,0.0000,2022,,,,,,,,,,,,,Indefinido,indefinido,0,,0,0,,VLIQ11,,,0
285,VLOL11,16.3034,,,,,,,,,,,,,,0.5887,103.6200,-0.0193,184940072.8500,5.3094,0.5693,1.7660,0.5887,3.5036,0.5839,,,Lajes Corporativas,lajes-corporativas,98,160238.13,198219080.15,0.8824,0.9457633661455317,VLOL11,,,1
235,VOTS11,1.1100,1.3100,1.3500,4.0500,1.3383,8.0300,1.2192,14.6300,2.8606,10.8641,4.2081,84.8600,8.0300,2023,0.9194,93.5437,-1.4350,77446050.2000,7.9991,-0.5288,2.5465,0.8488,6.1244,1.0207,,,Papéis,papeis,85.29,11340.47,77106639.54,0.9158,0.9117663722944463,VOTS11,,,0
127,VRTA11,0.9500,1.0600,1.1000,3.3000,1.0867,6.5200,1.0950,13.1400,6.4286,6.2508,7.5567,89.4000,5.5100,2023,0.9791,91.9200,-2.3438,1433324842.3300,8.8735,-1.3877,3.1085,1.0362,6.7167,1.1195,,,Papéis,papeis,91,1949561.16,1450573448.72,0.9782,0.9899912967798085,VRTA11,,,0
121,VSEC11,0.0800,0.0000,0.0000,0.0000,23.0000,138.0000,11.5350,138.4200,0.0000,,0.0000,,138.0000,2023,,,,,,,,,,,,,Papéis,papeis,3.49,2.5,211369.89,1.0356,,VSEC11,,,0
271,VSHO11,0.7200,1.0300,1.0500,3.1500,0.9967,5.9800,0.8825,10.5900,5.2632,7.8826,6.3474,70.0000,5.1700,2023,0.6875,98.9056,0.1303,207582986.0900,3.5681,0.8187,1.7541,0.5847,3.5996,0.5999,,,Shoppings,shoppings,79.44,83819.42,210488983.04,0.7921,0.8031901125922091,VSHO11,,,3
48,VSLH11,0.0300,0.5300,0.5733,1.7200,0.7933,4.7600,0.9925,11.9100,21.4592,-35.2114,22.1030,5.6600,3.9900,2023,1.0508,10.4678,-0.5348,312610065.4900,19.1504,0.5104,3.0958,1.0319,6.2476,1.0413,,,Papéis,papeis,5.11,423574.16,297977342.09,0.512,0.4881637020195266,VSLH11,,,0
293,VTLT11,0.8800,0.9700,0.9667,2.9000,0.9567,5.7400,0.9183,11.0200,-2.1185,2.1614,-1.1691,91.0200,4.8500,2023,0.8060,102.9779,0.0493,217798220.6100,8.9109,0.8557,2.4192,0.8064,4.8416,0.8069,,,Imóveis Industriais e Logísticos,imoveis-industriais-e-logisticos,96.9,153588.42,213727506.51,0.9589,0.9409785983206106,VTLT11,,,1
337,VTPL11,5.1100,0.0000,0.0000,0.0000,0.0000,0.0000,0.0000,0.0000,0.0000,,0.0000,,0.0000,2019,,,,,,,,,,,,,Papéis,papeis,0,,106918289.65,0,,VTPL11,,,1
501,VVCO11,11.1600,62.8700,62.8700,62.8700,62.8700,62.8700,62.8700,62.8700,0.0000,,0.0000,17.7500,62.8700,2019,,,,,,,,,,,,,Lajes Corporativas,lajes-corporativas,11.69,57284.24,69705535.75,0.841,,VVCO11,,,1
308,VVPR11,0.8923,0.8900,0.8233,2.4700,0.8133,4.8800,0.8100,9.7200,0.4020,15.0160,1.2956,99.9000,6.6500,2022,0.7430,103.4123,0.0199,238445073.7600,1.5327,0.7630,,,,,,,Misto,misto,101.5,1249061.55,226032234.18,1.0354,0.9815080024329794,VVPR11,,,6
2469,VVRI11,1.5000,1.4800,1.4900,2.9800,1.4900,2.9800,1.4900,2.9800,1.2000,2.6978,2.6978,101.2000,2.9800,2023,,,,,,,,,,,,,Indefinido,indefinido,100,7186.33,38732646.09,1.0327,,VVRI11,,,1
205,VXXV11,10.7600,0.0000,0.0000,0.0000,0.0000,0.0000,0.0000,0.0000,0.0000,,0.0000,,0.0000,2020,,,,,,,,,,,,,Fundo de Desenvolvimento,fundo-de-desenvolvimento,1001,6899893,277563969.09,0.9606,,VXXV11,,,2
451,WPLZ11,0.4000,0.6500,0.6267,1.8800,0.6467,3.8800,0.6467,7.7600,-0.3710,-21.1828,0.2766,61.7600,3.1400,2023,0.5826,102.9900,0.0551,105130234.6700,4.6842,0.6380,1.5542,0.5181,2.8665,0.4778,,,Shoppings,shoppings,63.8,3339.61,89762305.91,0.7255,0.6194776191863288,WPLZ11,,,1
365,WTSP11B,0.1900,0.0000,0.2000,0.6000,0.5050,3.0300,0.6475,7.7700,0.0000,,0.0000,,1.7900,2023,0.4021,78.9232,0.6897,78336432.2500,5.1059,1.0946,,,,,,,Misto,misto,35.05,1071.09,71950652.95,0.4835,0.4441026212824619,WTSP11B,,,2
516,XPCA11,0.1100,1.1100,1.3133,3.9400,1.3367,8.0200,1.3283,15.9400,0.0000,10.1734,1.1100,9.9300,6.5600,2023,1.3699,9.4900,-0.0084,317410269.3900,14.0009,1.3613,4.4239,1.4746,8.8416,1.4736,15.9624,1.4511,Indefinido,indefinido,9.56,1920121.21,317410269.39,1.0443,1.0073761854583774,XPCA11,,,0
211,XPCI11,0.9300,1.1100,1.1167,3.3500,1.1183,6.7100,1.0308,12.3700,4.7930,8.8637,5.9562,83.5200,5.8200,2023,0.6408,93.6283,-1.9679,814711734.7600,10.1113,-1.3397,2.2491,0.7497,5.3563,0.8927,,,Papéis,papeis,86.74,1829823.13,816616393.65,0.9242,0.9264292954160227,XPCI11,,,0
347,XPCM11,0.0800,0.5800,0.6800,2.0400,0.8550,5.1300,0.8817,10.5800,-1.7857,-0.6816,-1.2161,13.7500,3.5300,2023,0.3299,51.5300,-0.7746,124433063.4300,-2.9679,-0.4473,0.8485,0.2828,1.7147,0.2858,,,Lajes Corporativas,lajes-corporativas,13.7,44395,103295556.68,0.3202,0.2658645449252862,XPCM11,,,1
222,XPHT11,1.6500,1.4500,1.3400,4.0200,1.2867,7.7200,1.0625,12.7500,3.6273,8.2444,5.1299,113.9900,6.2000,2023,1.5925,94.1900,-0.0775,358343595.7100,6.7411,1.5138,4.8834,1.6278,6.2654,1.0442,,,Hotéis,hoteis,125,75306.65,376512967.62,1.2631,1.3271047881940758,XPHT11,,,12
1850,XPID11,0.4500,0.5100,0.6500,1.9500,0.7083,4.2500,0.7000,8.4000,5.1749,7.4418,5.7113,87.8000,6.1700,2023,,,,,,,,,,,,,Fundo de Desenvolvimento,fundo-de-desenvolvimento,87.29,644696.63,0,0,,XPID11,,,
396,XPIN11,0.6500,0.8200,0.8567,2.5700,0.8817,5.2900,0.8525,10.2300,0.6878,11.6191,1.5135,79.0500,4.4100,2023,0.6261,103.8115,-1.3709,742296242.1900,0.7513,-0.7533,1.8454,0.6151,3.5387,0.5898,,,Imóveis Industriais e Logísticos,imoveis-industriais-e-logisticos,79.98,416196.95,729955133.15,0.7834,0.7704348747489441,XPIN11,,,98
275,XPLG11,0.7500,0.7100,0.7433,2.2300,0.7633,4.5800,0.7350,8.8200,5.9000,11.0401,6.6519,105.9000,3.8300,2023,0.6463,114.4897,0.1879,3102791995.7500,11.4711,0.8355,1.9418,0.6473,3.8230,0.6372,,,Imóveis Industriais e Logísticos,imoveis-industriais-e-logisticos,112.12,3946722.92,3073592158.93,0.9886,0.9793020682209841,XPLG11,,,19
373,XPML11,0.8100,0.7800,0.7900,2.3700,0.8117,4.8700,0.7717,9.2600,1.2136,9.8169,2.0031,104.2500,3.9600,2023,0.7603,101.2739,-0.6573,2057877597.2300,6.5638,0.0981,2.2317,0.7439,,,,,Shoppings,shoppings,104,5627423.47,2098002886.54,1.0566,1.0269180904458108,XPML11,,,12
345,XPPR11,0.1000,0.4300,0.4167,1.2500,0.5717,3.4300,0.6400,7.6800,1.4680,-25.3158,1.9044,23.5000,2.5000,2023,0.4012,74.7687,0.0522,547020346.8600,-3.6491,0.4536,1.1993,0.3998,2.5088,0.4181,,,Lajes Corporativas,lajes-corporativas,23.05,260063.42,521188970.44,0.3236,0.30828408144049585,XPPR11,,,5
399,XPSF11,0.0760,1.0200,1.0600,3.1800,1.0517,6.3100,1.0208,12.2500,5.3824,3.1943,6.4573,7.4400,5.3000,2023,0.9016,8.5400,-4.0449,369792382.0500,-89.4039,-3.1798,2.6153,0.8718,5.1091,0.8515,,,Fundo de Fundos,fundo-de-fundos,8.03,588474.13,365478307.57,0.9514,0.9402810304449649,XPSF11,,,0
174,XTED11,11.1600,,,,,,,,,,,,,,0.0000,28.0218,-0.3575,50230589.4700,-3.4450,-0.3575,0.0000,0.0000,0.0000,0.0000,0.0000,0.0000,Lajes Corporativas,lajes-corporativas,8.82,17641.88,67378204.04,0.6771,0.3147549407960945,XTED11,,,1
175,YUFI11,0.1524,0.1500,0.1300,0.3900,0.0650,0.3900,0.0433,0.3900,0.0000,,0.0000,105.0000,0.3900,2023,,,,,,,,,,,,,Fundo de Desenvolvimento,fundo-de-desenvolvimento,80.84,2895.93,50073483.72,0.7954,,YUFI11,,,28
537,YUFI11B,0.6331,0.0000,0.0000,0.0000,0.0000,0.0000,0.0000,0.0000,0.0000,0.0000,0.0000,0.0000,,2022,0.5999,105.5322,-0.0137,41701052.9800,6.3235,0.5861,,,,,,,Indefinido,indefinido,,,,,,YUFI11B,,,0
1866,ZAVI11,1.1000,0.8700,0.8700,2.6100,0.8617,5.1700,0.8686,6.0800,0.0000,1.0929,0.8700,126.0000,4.2300,2023,,,,,,,,,,,,,Indefinido,indefinido,125.8,93506.4,118026295.42,0.9875,,ZAVI11,,,8
295,ZIFI11,3.3050,0.0000,0.0000,0.0000,0.0000,0.0000,0.0000,0.0000,0.0000,,0.0000,,0.0000,2022,,,,,,,,,,,,,Fundo de Desenvolvimento,fundo-de-desenvolvimento,1000,12438.73,57357479.19,0.8279,,ZIFI11,,,0
